%time,field.layout.data_offset,field.data0,field.data1
1747537042175091192,0,1912,2313
1747537042194932314,0,1912,2313
1747537042214716841,0,1912,2313
1747537042235137980,0,1912,2313
1747537042254862351,0,1912,2313
1747537042275058989,0,1912,2313
1747537042294629218,0,1912,2313
1747537042315130664,0,1912,2313
1747537042334889211,0,1912,2313
1747537042355057848,0,1912,2313
1747537042374883100,0,1912,2313
1747537042395197312,0,1912,2313
1747537042415126963,0,1912,2313
1747537042435073086,0,1912,2313
1747537042455048188,0,1912,2313
1747537042475155627,0,1912,2313
1747537042495079781,0,1912,2313
1747537042515023467,0,1912,2313
1747537042534782238,0,1912,2313
1747537042554631046,0,1912,2313
1747537042575023297,0,1912,2313
1747537042594924565,0,1912,2313
1747537042614951722,0,1912,2313
1747537042634857033,0,1912,2313
1747537042654857906,0,1912,2313
1747537042674856440,0,1912,2313
1747537042694936519,0,1912,2313
1747537042714906491,0,1912,2313
1747537042735000710,0,1912,2313
1747537042754916284,0,1912,2313
1747537042775047666,0,1912,2313
1747537042795206694,0,1912,2313
1747537042814916564,0,1912,2313
1747537042834993265,0,1912,2313
1747537042855026629,0,1912,2313
1747537042875019203,0,1912,2313
1747537042894871503,0,1912,2313
1747537042914964435,0,1912,2313
1747537042934972026,0,1912,2313
1747537042954912595,0,1912,2313
1747537042975053207,0,1912,2313
1747537042995097944,0,1912,2313
1747537043015225330,0,1912,2313
1747537043034914204,0,1912,2313
1747537043055016075,0,1912,2313
1747537043074900147,0,1912,2313
1747537043094664511,0,1912,2313
1747537043114885647,0,1912,2313
1747537043134988845,0,1912,2313
1747537043155005003,0,1912,2313
1747537043174972865,0,1912,2313
1747537043195010584,0,1912,2313
1747537043215008880,0,1912,2313
1747537043234848393,0,1912,2313
1747537043254907237,0,1912,2313
1747537043274838006,0,1912,2313
1747537043294971656,0,1912,2313
1747537043314983176,0,1912,2313
1747537043334929854,0,1912,2313
1747537043354960337,0,1912,2313
1747537043375014030,0,1912,2313
1747537043395245555,0,1912,2313
1747537043415108464,0,1912,2313
1747537043435003417,0,1912,2313
1747537043454959788,0,1912,2313
1747537043474884050,0,1912,2313
1747537043494936050,0,1912,2313
1747537043514897304,0,1912,2313
1747537043534887518,0,1912,2313
1747537043554874025,0,1912,2313
1747537043575071108,0,1912,2313
1747537043594995671,0,1912,2313
1747537043614892460,0,1912,2313
1747537043635068081,0,1912,2313
1747537043655066548,0,1912,2313
1747537043675002373,0,1912,2313
1747537043695104629,0,1912,2313
1747537043715086059,0,1912,2313
1747537043734991553,0,1912,2313
1747537043755132135,0,1912,2313
1747537043774885145,0,1912,2313
1747537043795159015,0,1912,2313
1747537043815000182,0,1912,2313
1747537043834898032,0,1912,2313
1747537043854943259,0,1912,2313
1747537043875024934,0,1912,2313
1747537043895031202,0,1912,2313
1747537043914858151,0,1912,2313
1747537043934944146,0,1912,2313
1747537043955065953,0,1912,2313
1747537043975134919,0,1912,2313
1747537043994983501,0,1912,2313
1747537044014966426,0,1912,2313
1747537044035186031,0,1912,2313
1747537044055154945,0,1912,2313
1747537044074975776,0,1912,2313
1747537044095170344,0,1912,2313
1747537044115045782,0,1912,2313
1747537044134999165,0,1912,2313
1747537044154864270,0,1912,2313
1747537044175024872,0,1912,2313
1747537044195198009,0,1912,2313
1747537044214966191,0,1912,2313
1747537044234624797,0,1912,2313
1747537044255143636,0,1912,2313
1747537044275073932,0,1912,2313
1747537044294982897,0,1912,2313
1747537044314834446,0,1912,2313
1747537044335147799,0,1912,2313
1747537044355121461,0,1912,2313
1747537044375083429,0,1912,2313
1747537044395252239,0,1912,2313
1747537044415011457,0,1912,2313
1747537044435179836,0,1912,2313
1747537044455111809,0,1912,2313
1747537044474945966,0,1912,2313
1747537044494938391,0,1912,2313
1747537044515044724,0,1911,2313
1747537044535003769,0,1911,2313
1747537044555113122,0,1910,2313
1747537044575055908,0,1910,2313
1747537044594907265,0,1910,2313
1747537044614968927,0,1909,2313
1747537044634990951,0,1909,2313
1747537044655204655,0,1908,2313
1747537044675092298,0,1908,2313
1747537044695112229,0,1908,2313
1747537044714983429,0,1907,2313
1747537044735101593,0,1907,2313
1747537044754936338,0,1906,2313
1747537044775008676,0,1906,2313
1747537044795000291,0,1906,2313
1747537044815193899,0,1905,2313
1747537044835199652,0,1905,2313
1747537044855024019,0,1904,2313
1747537044874941727,0,1904,2313
1747537044895224804,0,1904,2313
1747537044915076729,0,1903,2313
1747537044935082440,0,1903,2313
1747537044955126936,0,1902,2313
1747537044975103488,0,1902,2313
1747537044995117007,0,1902,2313
1747537045015102917,0,1901,2313
1747537045035070920,0,1901,2313
1747537045055091713,0,1900,2313
1747537045075037799,0,1900,2313
1747537045095063369,0,1900,2313
1747537045114911129,0,1899,2313
1747537045135036106,0,1899,2313
1747537045154868825,0,1898,2313
1747537045174891689,0,1898,2313
1747537045194908746,0,1898,2313
1747537045214950383,0,1897,2313
1747537045234872362,0,1897,2313
1747537045255135721,0,1896,2313
1747537045274989299,0,1896,2313
1747537045295087135,0,1896,2313
1747537045315143707,0,1895,2313
1747537045335010660,0,1895,2313
1747537045354874007,0,1894,2313
1747537045374984192,0,1894,2313
1747537045395043972,0,1894,2313
1747537045414882302,0,1893,2313
1747537045434945376,0,1893,2313
1747537045454751418,0,1892,2313
1747537045474805928,0,1892,2313
1747537045494821667,0,1892,2313
1747537045514775352,0,1891,2313
1747537045534874416,0,1891,2313
1747537045554818761,0,1890,2313
1747537045574839109,0,1890,2313
1747537045594812676,0,1890,2313
1747537045615055709,0,1889,2313
1747537045634869993,0,1889,2313
1747537045655072284,0,1888,2313
1747537045674955671,0,1888,2313
1747537045695028048,0,1888,2313
1747537045714916142,0,1887,2313
1747537045734912480,0,1887,2313
1747537045755055836,0,1886,2313
1747537045774925624,0,1886,2313
1747537045794861616,0,1886,2313
1747537045814885152,0,1885,2313
1747537045835186564,0,1885,2313
1747537045855159709,0,1884,2313
1747537045875071808,0,1884,2313
1747537045894880049,0,1884,2313
1747537045915010751,0,1883,2313
1747537045934929551,0,1883,2313
1747537045954969936,0,1882,2313
1747537045975225652,0,1882,2313
1747537045994948047,0,1882,2313
1747537046014834725,0,1881,2313
1747537046035040187,0,1881,2313
1747537046055010928,0,1880,2313
1747537046074970246,0,1880,2313
1747537046095146022,0,1880,2313
1747537046114956720,0,1879,2313
1747537046134829945,0,1879,2313
1747537046154909250,0,1878,2313
1747537046174871527,0,1878,2313
1747537046194771797,0,1878,2313
1747537046214978895,0,1877,2313
1747537046234862879,0,1877,2313
1747537046254620097,0,1876,2313
1747537046274774577,0,1876,2313
1747537046294775753,0,1876,2313
1747537046314852631,0,1875,2313
1747537046334588980,0,1875,2313
1747537046355018000,0,1874,2313
1747537046375283048,0,1874,2313
1747537046395244789,0,1874,2313
1747537046415206118,0,1873,2313
1747537046435192048,0,1873,2313
1747537046455219301,0,1872,2313
1747537046474983890,0,1872,2313
1747537046495191777,0,1872,2313
1747537046515281397,0,1871,2313
1747537046535252191,0,1871,2313
1747537046555303944,0,1870,2313
1747537046575296874,0,1870,2313
1747537046595200215,0,1870,2313
1747537046615060915,0,1869,2313
1747537046634978916,0,1869,2313
1747537046655098367,0,1868,2313
1747537046675254605,0,1868,2313
1747537046695122783,0,1868,2313
1747537046715157525,0,1867,2313
1747537046735139998,0,1867,2313
1747537046754941168,0,1866,2313
1747537046774919652,0,1866,2313
1747537046795048384,0,1866,2313
1747537046814885857,0,1865,2313
1747537046835181889,0,1865,2313
1747537046855037473,0,1864,2313
1747537046874934714,0,1864,2313
1747537046895039294,0,1864,2313
1747537046915057653,0,1863,2313
1747537046935093987,0,1863,2313
1747537046955050136,0,1862,2313
1747537046974874598,0,1862,2313
1747537046994859265,0,1862,2313
1747537047014995369,0,1861,2313
1747537047035344369,0,1861,2313
1747537047055297896,0,1860,2313
1747537047075077192,0,1860,2313
1747537047094987106,0,1860,2313
1747537047115025831,0,1859,2313
1747537047134862783,0,1859,2313
1747537047154936646,0,1858,2313
1747537047175044745,0,1858,2313
1747537047195178342,0,1858,2313
1747537047215122621,0,1857,2313
1747537047235109232,0,1857,2313
1747537047255087176,0,1856,2313
1747537047274969518,0,1856,2313
1747537047294966709,0,1856,2313
1747537047314972575,0,1855,2313
1747537047335018403,0,1855,2313
1747537047355017264,0,1854,2313
1747537047374972418,0,1854,2313
1747537047394912317,0,1854,2313
1747537047415313188,0,1853,2313
1747537047435068990,0,1853,2313
1747537047455124881,0,1852,2313
1747537047475009059,0,1852,2313
1747537047494892767,0,1852,2313
1747537047515178040,0,1851,2313
1747537047535177041,0,1851,2313
1747537047554919666,0,1850,2313
1747537047575003949,0,1850,2313
1747537047595237559,0,1850,2313
1747537047615102042,0,1849,2313
1747537047635072020,0,1849,2313
1747537047654967444,0,1848,2313
1747537047674782605,0,1848,2313
1747537047695109252,0,1848,2313
1747537047715162965,0,1847,2313
1747537047735116098,0,1847,2313
1747537047755177869,0,1846,2313
1747537047775100239,0,1846,2313
1747537047795346521,0,1846,2313
1747537047815163318,0,1845,2313
1747537047835295970,0,1845,2313
1747537047855230996,0,1844,2313
1747537047875131834,0,1844,2313
1747537047895261081,0,1844,2313
1747537047915127736,0,1843,2313
1747537047935276675,0,1843,2313
1747537047955215177,0,1842,2313
1747537047975152355,0,1842,2313
1747537047995001836,0,1842,2313
1747537048015125507,0,1841,2313
1747537048034979960,0,1841,2313
1747537048055170999,0,1840,2313
1747537048075060604,0,1840,2313
1747537048095046083,0,1840,2313
1747537048115073832,0,1839,2313
1747537048134969986,0,1839,2313
1747537048155093803,0,1838,2313
1747537048175116322,0,1838,2313
1747537048195234845,0,1838,2313
1747537048215062486,0,1837,2313
1747537048235017962,0,1837,2313
1747537048255110575,0,1836,2313
1747537048274776679,0,1836,2313
1747537048294971483,0,1836,2313
1747537048314953922,0,1835,2313
1747537048334891872,0,1835,2313
1747537048354646277,0,1834,2313
1747537048375029229,0,1834,2313
1747537048395267780,0,1834,2313
1747537048415040237,0,1833,2313
1747537048435084046,0,1833,2313
1747537048455259750,0,1832,2313
1747537048475309848,0,1832,2313
1747537048495221595,0,1832,2313
1747537048515188448,0,1831,2313
1747537048535084307,0,1831,2313
1747537048555160051,0,1830,2313
1747537048574903357,0,1830,2313
1747537048595074595,0,1830,2313
1747537048615272970,0,1829,2313
1747537048635030573,0,1829,2313
1747537048655149722,0,1828,2313
1747537048675016875,0,1828,2313
1747537048695149346,0,1828,2313
1747537048715175937,0,1827,2313
1747537048734961300,0,1827,2313
1747537048755388927,0,1826,2313
1747537048775230180,0,1826,2313
1747537048795342770,0,1826,2313
1747537048815342732,0,1825,2313
1747537048835301394,0,1825,2313
1747537048855199393,0,1824,2313
1747537048874965998,0,1824,2313
1747537048895281795,0,1824,2313
1747537048914996732,0,1823,2313
1747537048935038687,0,1823,2313
1747537048954956618,0,1822,2313
1747537048974947521,0,1822,2313
1747537048995066382,0,1822,2313
1747537049015256015,0,1821,2313
1747537049035132807,0,1821,2313
1747537049055086348,0,1820,2313
1747537049074938387,0,1820,2313
1747537049095070402,0,1820,2313
1747537049114997690,0,1819,2313
1747537049135145062,0,1819,2313
1747537049154997234,0,1818,2313
1747537049175044236,0,1818,2313
1747537049195062862,0,1818,2313
1747537049215114487,0,1817,2313
1747537049234911692,0,1817,2313
1747537049254945031,0,1816,2313
1747537049274849701,0,1816,2313
1747537049295124821,0,1816,2313
1747537049315120488,0,1815,2313
1747537049335024456,0,1815,2313
1747537049355077339,0,1814,2313
1747537049375150806,0,1814,2313
1747537049395248632,0,1814,2313
1747537049415325815,0,1813,2313
1747537049434813939,0,1813,2313
1747537049455242448,0,1812,2313
1747537049475220978,0,1812,2313
1747537049494957715,0,1812,2313
1747537049514905449,0,1811,2313
1747537049534930406,0,1811,2313
1747537049554970843,0,1810,2313
1747537049575147322,0,1810,2313
1747537049595206092,0,1810,2313
1747537049615277214,0,1809,2313
1747537049635256356,0,1809,2313
1747537049655194621,0,1808,2313
1747537049674948091,0,1808,2313
1747537049695191920,0,1808,2313
1747537049715182001,0,1807,2313
1747537049735169791,0,1807,2313
1747537049755070523,0,1806,2313
1747537049775041001,0,1806,2313
1747537049795032194,0,1806,2313
1747537049814970785,0,1805,2313
1747537049835119838,0,1805,2313
1747537049855233252,0,1804,2313
1747537049874861189,0,1804,2313
1747537049895138228,0,1804,2313
1747537049915122737,0,1803,2313
1747537049935043791,0,1803,2313
1747537049954941470,0,1802,2313
1747537049975030255,0,1802,2313
1747537049995063385,0,1802,2313
1747537050015112520,0,1801,2313
1747537050035003173,0,1801,2313
1747537050055324622,0,1800,2313
1747537050075324511,0,1800,2313
1747537050095282045,0,1800,2313
1747537050115097951,0,1799,2313
1747537050135191096,0,1799,2313
1747537050154646860,0,1798,2313
1747537050175007079,0,1798,2313
1747537050195232422,0,1798,2313
1747537050215113218,0,1797,2313
1747537050234842188,0,1797,2313
1747537050255172357,0,1796,2313
1747537050275072575,0,1796,2313
1747537050294579715,0,1796,2313
1747537050315125257,0,1795,2313
1747537050335136517,0,1795,2313
1747537050354964865,0,1794,2313
1747537050374692048,0,1794,2313
1747537050395000348,0,1794,2313
1747537050415161510,0,1793,2313
1747537050435059223,0,1793,2313
1747537050455146598,0,1792,2313
1747537050475129353,0,1792,2313
1747537050495380774,0,1792,2313
1747537050515176494,0,1791,2313
1747537050535266544,0,1791,2313
1747537050555258862,0,1790,2313
1747537050574978589,0,1790,2313
1747537050595056446,0,1790,2313
1747537050615069715,0,1789,2313
1747537050635185804,0,1789,2313
1747537050655063722,0,1788,2313
1747537050675138893,0,1788,2313
1747537050695024071,0,1788,2313
1747537050715085672,0,1787,2313
1747537050735139360,0,1787,2313
1747537050754997352,0,1786,2313
1747537050775028307,0,1786,2313
1747537050794978276,0,1786,2313
1747537050814773802,0,1785,2313
1747537050835180806,0,1785,2313
1747537050855000022,0,1784,2313
1747537050875060593,0,1784,2313
1747537050895014702,0,1784,2313
1747537050914867066,0,1783,2313
1747537050934739988,0,1783,2313
1747537050955008827,0,1782,2313
1747537050974937979,0,1782,2313
1747537050994882951,0,1782,2313
1747537051014917035,0,1781,2313
1747537051034914827,0,1781,2313
1747537051054766784,0,1780,2313
1747537051074665143,0,1780,2313
1747537051094913992,0,1780,2313
1747537051114849598,0,1779,2313
1747537051135063568,0,1779,2313
1747537051155007770,0,1778,2313
1747537051174958970,0,1778,2313
1747537051194894365,0,1778,2313
1747537051215177971,0,1777,2313
1747537051235223228,0,1777,2313
1747537051255232860,0,1776,2313
1747537051274959070,0,1776,2313
1747537051295172191,0,1776,2313
1747537051315167578,0,1775,2313
1747537051335312971,0,1775,2313
1747537051354882766,0,1774,2313
1747537051374974537,0,1774,2313
1747537051395096746,0,1774,2313
1747537051415184091,0,1773,2313
1747537051435231843,0,1773,2313
1747537051455131854,0,1772,2313
1747537051474841943,0,1772,2313
1747537051495486491,0,1772,2313
1747537051515203474,0,1771,2313
1747537051535123176,0,1771,2313
1747537051555035003,0,1770,2313
1747537051574866377,0,1770,2313
1747537051595047473,0,1770,2313
1747537051615348496,0,1769,2313
1747537051635086256,0,1769,2313
1747537051655040824,0,1768,2313
1747537051675044769,0,1768,2313
1747537051694860051,0,1768,2313
1747537051715076106,0,1767,2313
1747537051734917964,0,1767,2313
1747537051754898377,0,1766,2313
1747537051774945536,0,1766,2313
1747537051795104678,0,1766,2313
1747537051814967928,0,1765,2313
1747537051835153178,0,1765,2313
1747537051855045116,0,1764,2313
1747537051874828661,0,1764,2313
1747537051894903706,0,1764,2313
1747537051914918469,0,1763,2313
1747537051934950419,0,1763,2313
1747537051955069850,0,1762,2313
1747537051975120920,0,1762,2313
1747537051995233664,0,1762,2313
1747537052015226836,0,1761,2313
1747537052035187649,0,1761,2313
1747537052055079493,0,1760,2313
1747537052075194700,0,1760,2313
1747537052095078126,0,1760,2313
1747537052115068941,0,1759,2313
1747537052135016725,0,1759,2313
1747537052154960737,0,1758,2313
1747537052175236430,0,1758,2313
1747537052195131813,0,1758,2313
1747537052214982384,0,1757,2313
1747537052235123937,0,1757,2313
1747537052255042188,0,1756,2313
1747537052275140090,0,1756,2313
1747537052295220182,0,1756,2313
1747537052314764826,0,1755,2313
1747537052334855689,0,1755,2313
1747537052354948951,0,1754,2313
1747537052374837078,0,1754,2313
1747537052394841275,0,1754,2313
1747537052414927442,0,1753,2313
1747537052435098236,0,1753,2313
1747537052454915763,0,1752,2313
1747537052474656151,0,1752,2313
1747537052494983460,0,1752,2313
1747537052514945430,0,1751,2313
1747537052535031055,0,1751,2313
1747537052554887868,0,1750,2313
1747537052574873569,0,1750,2313
1747537052595054175,0,1750,2313
1747537052614777774,0,1749,2313
1747537052634960867,0,1749,2313
1747537052654952737,0,1748,2313
1747537052674794723,0,1748,2313
1747537052694892688,0,1748,2313
1747537052714854588,0,1747,2313
1747537052734906027,0,1747,2313
1747537052754920064,0,1746,2313
1747537052775063845,0,1746,2313
1747537052794989276,0,1746,2313
1747537052814829659,0,1745,2313
1747537052834862515,0,1745,2313
1747537052855059224,0,1744,2313
1747537052875276532,0,1744,2313
1747537052895247068,0,1744,2313
1747537052915092622,0,1743,2313
1747537052935262835,0,1743,2313
1747537052955181402,0,1742,2313
1747537052974975567,0,1742,2313
1747537052995110983,0,1742,2313
1747537053015222162,0,1741,2313
1747537053035185700,0,1741,2313
1747537053055048644,0,1740,2313
1747537053075255692,0,1740,2313
1747537053095057503,0,1740,2313
1747537053115027844,0,1739,2313
1747537053135106053,0,1739,2313
1747537053155204138,0,1738,2313
1747537053174960590,0,1738,2313
1747537053195005394,0,1738,2313
1747537053214949263,0,1737,2313
1747537053234896454,0,1737,2313
1747537053255073664,0,1736,2313
1747537053275077966,0,1736,2313
1747537053295117894,0,1736,2313
1747537053315122383,0,1735,2313
1747537053335208552,0,1735,2313
1747537053355024239,0,1734,2313
1747537053374950337,0,1734,2313
1747537053394942615,0,1734,2313
1747537053415155190,0,1733,2313
1747537053434891906,0,1733,2313
1747537053455150402,0,1732,2313
1747537053475047911,0,1732,2313
1747537053495025480,0,1732,2313
1747537053515089748,0,1731,2313
1747537053535027335,0,1731,2313
1747537053554980752,0,1730,2313
1747537053575172238,0,1730,2313
1747537053595089033,0,1730,2313
1747537053615060010,0,1729,2313
1747537053635044780,0,1729,2313
1747537053655109924,0,1728,2313
1747537053675166380,0,1728,2313
1747537053694976466,0,1728,2313
1747537053715169203,0,1727,2313
1747537053734907599,0,1727,2313
1747537053754832868,0,1727,2313
1747537053775113099,0,1727,2313
1747537053795142722,0,1727,2313
1747537053814967993,0,1727,2313
1747537053835053026,0,1727,2313
1747537053855101701,0,1727,2313
1747537053875263761,0,1727,2313
1747537053895324346,0,1727,2313
1747537053915173761,0,1727,2313
1747537053935262786,0,1727,2313
1747537053955356420,0,1727,2313
1747537053975312776,0,1727,2313
1747537053995437596,0,1727,2313
1747537054015370566,0,1727,2313
1747537054035155594,0,1727,2313
1747537054054999180,0,1727,2313
1747537054074972341,0,1727,2313
1747537054095085296,0,1727,2313
1747537054115370214,0,1727,2313
1747537054135170304,0,1727,2313
1747537054155053952,0,1727,2313
1747537054174895121,0,1727,2313
1747537054195097453,0,1727,2313
1747537054215225487,0,1727,2313
1747537054235037873,0,1727,2313
1747537054255008445,0,1727,2313
1747537054275065127,0,1727,2313
1747537054295014870,0,1727,2313
1747537054315144595,0,1727,2313
1747537054334760637,0,1727,2313
1747537054354805976,0,1727,2313
1747537054374906295,0,1727,2313
1747537054394962140,0,1727,2313
1747537054414768177,0,1727,2313
1747537054434976238,0,1727,2313
1747537054454997767,0,1727,2313
1747537054475282159,0,1727,2313
1747537054495206802,0,1727,2313
1747537054515275789,0,1727,2313
1747537054535212558,0,1727,2313
1747537054555326118,0,1727,2313
1747537054575023771,0,1727,2313
1747537054595258743,0,1727,2313
1747537054615031970,0,1727,2313
1747537054635119555,0,1727,2313
1747537054655143063,0,1727,2313
1747537054674979281,0,1727,2313
1747537054694995603,0,1727,2313
1747537054715035596,0,1727,2313
1747537054734871899,0,1727,2313
1747537054755131440,0,1727,2313
1747537054775099057,0,1727,2313
1747537054794958952,0,1727,2313
1747537054815055258,0,1727,2313
1747537054835008141,0,1727,2313
1747537054855056087,0,1727,2313
1747537054875011673,0,1727,2313
1747537054894976312,0,1727,2313
1747537054914908154,0,1727,2313
1747537054934925120,0,1727,2313
1747537054955189373,0,1727,2313
1747537054975069728,0,1727,2313
1747537054995073610,0,1727,2313
1747537055015102942,0,1727,2313
1747537055035156720,0,1727,2313
1747537055054817958,0,1727,2313
1747537055074917008,0,1727,2313
1747537055095266370,0,1727,2313
1747537055115054881,0,1727,2313
1747537055135152694,0,1727,2313
1747537055155289680,0,1728,2313
1747537055175100683,0,1728,2313
1747537055195047141,0,1729,2313
1747537055215331077,0,1729,2313
1747537055235071458,0,1729,2313
1747537055255272031,0,1730,2313
1747537055275235887,0,1730,2313
1747537055295171392,0,1731,2313
1747537055315175653,0,1731,2313
1747537055335189284,0,1731,2313
1747537055355128124,0,1732,2313
1747537055374928068,0,1732,2313
1747537055395084844,0,1733,2313
1747537055415114978,0,1733,2313
1747537055434932126,0,1733,2313
1747537055455105322,0,1734,2313
1747537055474849607,0,1734,2313
1747537055495074914,0,1735,2313
1747537055515070686,0,1735,2313
1747537055534806499,0,1735,2313
1747537055554784869,0,1736,2313
1747537055574912876,0,1736,2313
1747537055595126915,0,1737,2313
1747537055615162731,0,1737,2313
1747537055634954191,0,1737,2313
1747537055654998999,0,1738,2313
1747537055675062575,0,1738,2313
1747537055695214148,0,1739,2313
1747537055715096560,0,1739,2313
1747537055735200872,0,1739,2313
1747537055754809635,0,1740,2313
1747537055775034128,0,1740,2313
1747537055795014109,0,1741,2313
1747537055814927640,0,1741,2313
1747537055834875433,0,1741,2313
1747537055855110594,0,1742,2313
1747537055875008230,0,1742,2313
1747537055894994113,0,1743,2313
1747537055915022366,0,1743,2313
1747537055935123094,0,1743,2313
1747537055955069012,0,1744,2313
1747537055975135090,0,1744,2313
1747537055994939725,0,1745,2313
1747537056015041985,0,1745,2313
1747537056035037536,0,1745,2313
1747537056055028317,0,1746,2313
1747537056075104621,0,1746,2313
1747537056095029439,0,1747,2313
1747537056114965920,0,1747,2313
1747537056134996695,0,1747,2313
1747537056154981033,0,1748,2313
1747537056175077185,0,1748,2313
1747537056195127264,0,1749,2313
1747537056214967941,0,1749,2313
1747537056234982127,0,1749,2313
1747537056254761717,0,1750,2313
1747537056275011504,0,1750,2313
1747537056295042888,0,1751,2313
1747537056314956391,0,1751,2313
1747537056335089489,0,1751,2313
1747537056354761505,0,1752,2313
1747537056374927288,0,1752,2313
1747537056394881892,0,1753,2313
1747537056414949899,0,1753,2313
1747537056434827243,0,1753,2313
1747537056454794867,0,1754,2313
1747537056474908812,0,1754,2313
1747537056494949956,0,1755,2313
1747537056515090627,0,1755,2313
1747537056535010130,0,1755,2313
1747537056554818673,0,1756,2313
1747537056574732969,0,1756,2313
1747537056595087347,0,1757,2313
1747537056614999459,0,1757,2313
1747537056635058812,0,1757,2313
1747537056654945718,0,1758,2313
1747537056674979544,0,1758,2313
1747537056695247563,0,1759,2313
1747537056715003036,0,1759,2313
1747537056735121571,0,1759,2313
1747537056755162031,0,1760,2313
1747537056775279332,0,1760,2313
1747537056795345098,0,1761,2313
1747537056815417216,0,1761,2313
1747537056835324359,0,1761,2313
1747537056855241478,0,1762,2313
1747537056875304572,0,1762,2313
1747537056895131141,0,1763,2313
1747537056914973230,0,1763,2313
1747537056935117296,0,1763,2313
1747537056955214237,0,1764,2313
1747537056975031846,0,1764,2313
1747537056995047447,0,1765,2313
1747537057015126446,0,1765,2313
1747537057035042058,0,1765,2313
1747537057055237195,0,1766,2313
1747537057074995583,0,1766,2313
1747537057095074314,0,1767,2313
1747537057115136021,0,1767,2313
1747537057135030330,0,1767,2313
1747537057155237062,0,1768,2313
1747537057175234850,0,1768,2313
1747537057195264701,0,1769,2313
1747537057215298906,0,1769,2313
1747537057235294590,0,1769,2313
1747537057255147395,0,1770,2313
1747537057274991871,0,1770,2313
1747537057295203524,0,1771,2313
1747537057315145584,0,1771,2313
1747537057335123956,0,1771,2313
1747537057355116225,0,1772,2313
1747537057375064028,0,1772,2313
1747537057394983579,0,1773,2313
1747537057415077073,0,1773,2313
1747537057435048961,0,1773,2313
1747537057455038113,0,1774,2313
1747537057474948498,0,1774,2313
1747537057494852686,0,1775,2313
1747537057515070321,0,1775,2313
1747537057535232027,0,1775,2313
1747537057555076683,0,1776,2313
1747537057575030053,0,1776,2313
1747537057595138965,0,1777,2313
1747537057614953754,0,1777,2313
1747537057635181592,0,1777,2313
1747537057655197482,0,1778,2313
1747537057675050636,0,1778,2313
1747537057695136544,0,1779,2313
1747537057715087634,0,1779,2313
1747537057735137943,0,1779,2313
1747537057755025760,0,1780,2313
1747537057774973145,0,1780,2313
1747537057795116535,0,1781,2313
1747537057815122289,0,1781,2313
1747537057835051148,0,1781,2313
1747537057855026092,0,1782,2313
1747537057875228624,0,1782,2313
1747537057895257386,0,1783,2313
1747537057914836196,0,1783,2313
1747537057935066761,0,1783,2313
1747537057954946071,0,1784,2313
1747537057975143920,0,1784,2313
1747537057994972405,0,1785,2313
1747537058014960143,0,1785,2313
1747537058035027581,0,1785,2313
1747537058055069243,0,1786,2313
1747537058075007308,0,1786,2313
1747537058095228608,0,1787,2313
1747537058115237794,0,1787,2313
1747537058135256900,0,1787,2313
1747537058155211563,0,1788,2313
1747537058175095365,0,1788,2313
1747537058195120690,0,1789,2313
1747537058214894225,0,1789,2313
1747537058234948255,0,1789,2313
1747537058254979073,0,1790,2313
1747537058274980933,0,1790,2313
1747537058295006080,0,1791,2313
1747537058314983252,0,1791,2313
1747537058335007922,0,1791,2313
1747537058354984522,0,1792,2313
1747537058374866375,0,1792,2313
1747537058394885371,0,1793,2313
1747537058414997529,0,1793,2313
1747537058435089228,0,1793,2313
1747537058454967629,0,1794,2313
1747537058474836548,0,1794,2313
1747537058495383606,0,1795,2313
1747537058515374573,0,1795,2313
1747537058535162239,0,1795,2313
1747537058555341694,0,1796,2313
1747537058575126323,0,1796,2313
1747537058595337870,0,1797,2313
1747537058615221911,0,1797,2313
1747537058635266626,0,1797,2313
1747537058655203428,0,1798,2313
1747537058675195640,0,1798,2313
1747537058695203768,0,1799,2313
1747537058715376688,0,1799,2313
1747537058735308140,0,1799,2313
1747537058755176975,0,1800,2313
1747537058774844112,0,1800,2313
1747537058795317370,0,1801,2313
1747537058815382923,0,1801,2313
1747537058835282628,0,1801,2313
1747537058855152729,0,1802,2313
1747537058875268876,0,1802,2313
1747537058895139056,0,1803,2313
1747537058914953169,0,1803,2313
1747537058934899705,0,1803,2313
1747537058954837968,0,1804,2313
1747537058974870155,0,1804,2313
1747537058994903195,0,1805,2313
1747537059015259827,0,1805,2313
1747537059035112712,0,1805,2313
1747537059055182416,0,1806,2313
1747537059074999661,0,1806,2313
1747537059094919687,0,1807,2313
1747537059115200004,0,1807,2313
1747537059134989519,0,1807,2313
1747537059155041955,0,1808,2313
1747537059174936497,0,1808,2313
1747537059195032087,0,1809,2313
1747537059214863617,0,1809,2313
1747537059234858821,0,1809,2313
1747537059254878320,0,1810,2313
1747537059274955891,0,1810,2313
1747537059295024662,0,1811,2313
1747537059315319007,0,1811,2313
1747537059335090036,0,1811,2313
1747537059355114957,0,1812,2313
1747537059375234305,0,1812,2313
1747537059395282232,0,1813,2313
1747537059415231666,0,1813,2313
1747537059435311241,0,1813,2313
1747537059455250261,0,1814,2313
1747537059475329506,0,1814,2313
1747537059495248088,0,1815,2313
1747537059515232997,0,1815,2313
1747537059535240264,0,1815,2313
1747537059555271985,0,1816,2313
1747537059575173079,0,1816,2313
1747537059595252501,0,1817,2313
1747537059615211715,0,1817,2313
1747537059635179775,0,1817,2313
1747537059655082792,0,1818,2313
1747537059675056086,0,1818,2313
1747537059695057856,0,1819,2313
1747537059714843736,0,1819,2313
1747537059734855901,0,1819,2313
1747537059755001143,0,1820,2313
1747537059774890540,0,1820,2313
1747537059794911785,0,1821,2313
1747537059814857691,0,1821,2313
1747537059834993135,0,1821,2313
1747537059855031218,0,1822,2313
1747537059874964453,0,1822,2313
1747537059894974765,0,1823,2313
1747537059914822563,0,1823,2313
1747537059934931107,0,1823,2313
1747537059955195581,0,1824,2313
1747537059974898244,0,1824,2313
1747537059995148914,0,1825,2313
1747537060015507455,0,1825,2313
1747537060035200057,0,1825,2313
1747537060055232535,0,1826,2313
1747537060075283134,0,1826,2313
1747537060095276090,0,1827,2313
1747537060115292519,0,1827,2313
1747537060135192192,0,1827,2313
1747537060155254845,0,1828,2313
1747537060175162051,0,1828,2313
1747537060194906104,0,1829,2313
1747537060215137575,0,1829,2313
1747537060235084411,0,1829,2313
1747537060255104943,0,1830,2313
1747537060275001610,0,1830,2313
1747537060295068748,0,1831,2313
1747537060315162707,0,1831,2313
1747537060335153561,0,1831,2313
1747537060355269310,0,1832,2313
1747537060375021864,0,1832,2313
1747537060394908818,0,1833,2313
1747537060414776212,0,1833,2313
1747537060435318228,0,1833,2313
1747537060454994399,0,1834,2313
1747537060474841599,0,1834,2313
1747537060494848644,0,1835,2313
1747537060514977481,0,1835,2313
1747537060534927883,0,1835,2313
1747537060555151752,0,1836,2313
1747537060575104185,0,1836,2313
1747537060595058171,0,1837,2313
1747537060615283737,0,1837,2313
1747537060635320082,0,1837,2313
1747537060655285246,0,1838,2313
1747537060675368297,0,1838,2313
1747537060695277533,0,1839,2313
1747537060715228867,0,1839,2313
1747537060735090468,0,1839,2313
1747537060755397900,0,1840,2313
1747537060775213186,0,1840,2313
1747537060795136095,0,1841,2313
1747537060815238293,0,1841,2313
1747537060835113890,0,1841,2313
1747537060855208019,0,1842,2313
1747537060875078306,0,1842,2313
1747537060895209315,0,1843,2313
1747537060915095896,0,1843,2313
1747537060935203687,0,1843,2313
1747537060955350443,0,1844,2313
1747537060975320942,0,1844,2313
1747537060995068078,0,1845,2313
1747537061015183583,0,1845,2313
1747537061035134276,0,1845,2313
1747537061055204139,0,1846,2313
1747537061075085878,0,1846,2313
1747537061095062618,0,1847,2313
1747537061115133506,0,1847,2313
1747537061135189971,0,1847,2313
1747537061155151193,0,1848,2313
1747537061175115812,0,1848,2313
1747537061195026841,0,1849,2313
1747537061214890809,0,1849,2313
1747537061234979862,0,1849,2313
1747537061255222015,0,1850,2313
1747537061275085813,0,1850,2313
1747537061294896894,0,1851,2313
1747537061314973153,0,1851,2313
1747537061335226510,0,1851,2313
1747537061355059988,0,1852,2313
1747537061375260352,0,1852,2313
1747537061395106396,0,1853,2313
1747537061414920146,0,1853,2313
1747537061434990708,0,1853,2313
1747537061455070278,0,1854,2313
1747537061474997476,0,1854,2313
1747537061494765184,0,1855,2313
1747537061514726630,0,1855,2313
1747537061534909978,0,1855,2313
1747537061554753565,0,1856,2313
1747537061575025014,0,1856,2313
1747537061595231485,0,1857,2313
1747537061615136335,0,1857,2313
1747537061634814143,0,1857,2313
1747537061654933341,0,1858,2313
1747537061675175928,0,1858,2313
1747537061695132625,0,1859,2313
1747537061715015678,0,1859,2313
1747537061734830639,0,1859,2313
1747537061754818062,0,1860,2313
1747537061775048076,0,1860,2313
1747537061794931850,0,1861,2313
1747537061815052802,0,1861,2313
1747537061835188924,0,1861,2313
1747537061855080417,0,1862,2313
1747537061874941040,0,1862,2313
1747537061895182889,0,1863,2313
1747537061915141309,0,1863,2313
1747537061935099172,0,1863,2313
1747537061955290822,0,1864,2313
1747537061975302597,0,1864,2313
1747537061995197191,0,1865,2313
1747537062015258053,0,1865,2313
1747537062034953439,0,1865,2313
1747537062055082479,0,1866,2313
1747537062074957403,0,1866,2313
1747537062095041758,0,1867,2313
1747537062115137868,0,1867,2313
1747537062135164519,0,1867,2313
1747537062155115029,0,1868,2313
1747537062174969755,0,1868,2313
1747537062195225779,0,1869,2313
1747537062215149042,0,1869,2313
1747537062235047217,0,1869,2313
1747537062254960127,0,1870,2313
1747537062275053027,0,1870,2313
1747537062295064442,0,1871,2313
1747537062315012930,0,1871,2313
1747537062335145730,0,1871,2313
1747537062355187927,0,1872,2313
1747537062375211205,0,1872,2313
1747537062394964205,0,1873,2313
1747537062414986614,0,1873,2313
1747537062434578761,0,1873,2313
1747537062455319038,0,1874,2313
1747537062475074000,0,1874,2313
1747537062494916569,0,1875,2313
1747537062514958516,0,1875,2313
1747537062535086385,0,1875,2313
1747537062554986485,0,1876,2313
1747537062574844894,0,1876,2313
1747537062595076444,0,1877,2313
1747537062615034735,0,1877,2313
1747537062635004906,0,1877,2313
1747537062654968320,0,1878,2313
1747537062674964241,0,1878,2313
1747537062695021449,0,1879,2313
1747537062714968755,0,1879,2313
1747537062735055597,0,1879,2313
1747537062755032757,0,1880,2313
1747537062775016265,0,1880,2313
1747537062795053151,0,1881,2313
1747537062815068147,0,1881,2313
1747537062834947109,0,1881,2313
1747537062854941303,0,1882,2313
1747537062874968367,0,1882,2313
1747537062894820747,0,1883,2313
1747537062914711935,0,1883,2313
1747537062934895848,0,1883,2313
1747537062954726387,0,1884,2313
1747537062974953259,0,1884,2313
1747537062994778597,0,1885,2313
1747537063014734068,0,1885,2313
1747537063034669751,0,1885,2313
1747537063054732666,0,1886,2313
1747537063074726562,0,1886,2313
1747537063094802981,0,1887,2313
1747537063114955894,0,1887,2313
1747537063135274071,0,1887,2313
1747537063155144929,0,1888,2313
1747537063175098492,0,1888,2313
1747537063195251405,0,1889,2313
1747537063215109249,0,1889,2313
1747537063235126215,0,1889,2313
1747537063255333466,0,1890,2313
1747537063275103647,0,1890,2313
1747537063295119280,0,1891,2313
1747537063314991203,0,1891,2313
1747537063335087764,0,1891,2313
1747537063355373556,0,1892,2313
1747537063375210209,0,1892,2313
1747537063395283767,0,1893,2313
1747537063415297573,0,1893,2313
1747537063435138534,0,1893,2313
1747537063455036170,0,1894,2313
1747537063475113676,0,1894,2313
1747537063495265772,0,1895,2313
1747537063515258559,0,1895,2313
1747537063535266429,0,1895,2313
1747537063555118040,0,1896,2313
1747537063575067176,0,1896,2313
1747537063595040603,0,1897,2313
1747537063615144010,0,1897,2313
1747537063635058995,0,1897,2313
1747537063655138306,0,1898,2313
1747537063675153227,0,1898,2313
1747537063695189523,0,1899,2313
1747537063715112647,0,1899,2313
1747537063735131381,0,1899,2313
1747537063755101572,0,1900,2313
1747537063775003507,0,1900,2313
1747537063795199264,0,1901,2313
1747537063814987726,0,1901,2313
1747537063834870533,0,1901,2313
1747537063855304947,0,1902,2313
1747537063875095666,0,1902,2313
1747537063895100744,0,1903,2313
1747537063914961639,0,1903,2313
1747537063935072660,0,1903,2313
1747537063955191933,0,1904,2313
1747537063975121350,0,1904,2313
1747537063994951603,0,1905,2313
1747537064015240635,0,1905,2313
1747537064035018364,0,1905,2313
1747537064054989304,0,1906,2313
1747537064074942185,0,1906,2313
1747537064095004794,0,1907,2313
1747537064115140222,0,1907,2313
1747537064135166164,0,1907,2313
1747537064155041867,0,1908,2313
1747537064175206330,0,1908,2313
1747537064195205227,0,1909,2313
1747537064215358806,0,1909,2313
1747537064235327547,0,1909,2313
1747537064255291330,0,1910,2313
1747537064275177501,0,1910,2313
1747537064295353138,0,1911,2313
1747537064315353861,0,1911,2313
1747537064335061145,0,1911,2313
1747537064355107625,0,1912,2313
1747537064375092928,0,1912,2313
1747537064395129987,0,1913,2313
1747537064415312913,0,1913,2313
1747537064435102130,0,1913,2313
1747537064454862027,0,1914,2313
1747537064474924380,0,1914,2313
1747537064495045785,0,1915,2313
1747537064514856493,0,1915,2313
1747537064534708738,0,1915,2313
1747537064554945025,0,1916,2313
1747537064574878286,0,1916,2313
1747537064594859219,0,1917,2313
1747537064614804272,0,1917,2313
1747537064634884343,0,1917,2313
1747537064655053177,0,1918,2313
1747537064675018278,0,1918,2313
1747537064695036713,0,1919,2313
1747537064715001075,0,1919,2313
1747537064735104395,0,1919,2313
1747537064755076275,0,1920,2313
1747537064774935619,0,1920,2313
1747537064795267949,0,1921,2313
1747537064815091362,0,1921,2313
1747537064835112395,0,1921,2313
1747537064854933421,0,1922,2313
1747537064875069139,0,1922,2313
1747537064895337574,0,1923,2313
1747537064915152069,0,1923,2313
1747537064935219129,0,1923,2313
1747537064955199482,0,1924,2313
1747537064975098472,0,1924,2313
1747537064995189258,0,1925,2313
1747537065015222545,0,1925,2313
1747537065035193066,0,1925,2313
1747537065055000645,0,1926,2313
1747537065075040626,0,1926,2313
1747537065095107842,0,1927,2313
1747537065115000019,0,1927,2313
1747537065135032380,0,1927,2313
1747537065155102946,0,1928,2313
1747537065175131591,0,1928,2313
1747537065194977204,0,1929,2313
1747537065215142628,0,1929,2313
1747537065235118705,0,1929,2313
1747537065255058160,0,1930,2313
1747537065274831264,0,1930,2313
1747537065295033451,0,1931,2313
1747537065314965387,0,1931,2313
1747537065334892660,0,1931,2313
1747537065354843523,0,1932,2313
1747537065374943644,0,1932,2313
1747537065394862008,0,1933,2313
1747537065415036872,0,1933,2313
1747537065435079876,0,1933,2313
1747537065455060390,0,1934,2313
1747537065474919638,0,1934,2313
1747537065495021532,0,1935,2313
1747537065514972675,0,1935,2313
1747537065534977006,0,1935,2313
1747537065555063285,0,1936,2313
1747537065575015153,0,1936,2313
1747537065594896600,0,1937,2313
1747537065614952399,0,1937,2313
1747537065635035166,0,1937,2313
1747537065654879425,0,1938,2313
1747537065674918892,0,1938,2313
1747537065694846683,0,1939,2313
1747537065714879931,0,1939,2313
1747537065734806339,0,1939,2313
1747537065754712464,0,1940,2313
1747537065774848015,0,1940,2313
1747537065794992694,0,1941,2313
1747537065814974210,0,1941,2313
1747537065834982432,0,1941,2313
1747537065854932053,0,1942,2313
1747537065874840279,0,1942,2313
1747537065894987631,0,1943,2313
1747537065914974168,0,1943,2313
1747537065935282396,0,1943,2313
1747537065955262422,0,1944,2313
1747537065974899074,0,1944,2313
1747537065995136585,0,1945,2313
1747537066015300077,0,1945,2313
1747537066035143039,0,1945,2313
1747537066055299351,0,1946,2313
1747537066075183695,0,1946,2313
1747537066095277699,0,1947,2313
1747537066115267041,0,1947,2313
1747537066135301503,0,1947,2313
1747537066155118804,0,1948,2313
1747537066175329621,0,1948,2313
1747537066195315782,0,1949,2313
1747537066215322906,0,1949,2313
1747537066235159539,0,1949,2313
1747537066255132282,0,1950,2313
1747537066275136686,0,1950,2313
1747537066295209461,0,1951,2313
1747537066315076362,0,1951,2313
1747537066335092176,0,1951,2313
1747537066354960751,0,1952,2313
1747537066375183666,0,1952,2313
1747537066395197923,0,1953,2313
1747537066415037927,0,1953,2313
1747537066435223931,0,1953,2313
1747537066455193193,0,1954,2313
1747537066474828861,0,1954,2313
1747537066495007126,0,1955,2313
1747537066515287912,0,1955,2313
1747537066535185751,0,1955,2313
1747537066554787828,0,1956,2313
1747537066575044696,0,1956,2313
1747537066594897009,0,1957,2313
1747537066615068081,0,1957,2313
1747537066635065265,0,1957,2313
1747537066654957168,0,1958,2313
1747537066675053004,0,1958,2313
1747537066694938293,0,1959,2313
1747537066715012114,0,1959,2313
1747537066734987560,0,1959,2313
1747537066754976923,0,1960,2313
1747537066775012993,0,1960,2313
1747537066795028882,0,1961,2313
1747537066815199720,0,1961,2313
1747537066835101595,0,1961,2313
1747537066854978716,0,1962,2313
1747537066875018612,0,1962,2313
1747537066895099259,0,1963,2313
1747537066914827656,0,1963,2313
1747537066935091858,0,1963,2313
1747537066954958274,0,1964,2313
1747537066975055041,0,1964,2313
1747537066995226966,0,1965,2313
1747537067015092250,0,1965,2313
1747537067035075512,0,1965,2313
1747537067055221382,0,1966,2313
1747537067075176061,0,1966,2313
1747537067095265172,0,1967,2313
1747537067115280611,0,1967,2313
1747537067134968110,0,1967,2313
1747537067154973673,0,1968,2313
1747537067174981887,0,1968,2313
1747537067195118890,0,1968,2313
1747537067215005073,0,1968,2313
1747537067235085677,0,1968,2313
1747537067254850660,0,1968,2313
1747537067274970570,0,1968,2313
1747537067294972833,0,1968,2313
1747537067315050067,0,1968,2313
1747537067334999093,0,1968,2313
1747537067355179419,0,1968,2313
1747537067374940222,0,1968,2313
1747537067395066809,0,1968,2313
1747537067415313325,0,1968,2313
1747537067435106274,0,1968,2313
1747537067455045909,0,1968,2313
1747537067475233205,0,1968,2313
1747537067495142764,0,1968,2313
1747537067515227211,0,1968,2313
1747537067535330032,0,1968,2313
1747537067555038160,0,1968,2313
1747537067575318991,0,1968,2313
1747537067595256827,0,1968,2313
1747537067615002272,0,1968,2313
1747537067635108619,0,1968,2313
1747537067655066374,0,1968,2313
1747537067675244718,0,1968,2313
1747537067695234388,0,1968,2313
1747537067715281490,0,1968,2313
1747537067735292803,0,1968,2313
1747537067755204873,0,1968,2313
1747537067775256844,0,1968,2313
1747537067795015957,0,1968,2313
1747537067814939380,0,1968,2313
1747537067834932221,0,1968,2313
1747537067854928533,0,1968,2313
1747537067874858771,0,1968,2313
1747537067894945636,0,1968,2313
1747537067915015538,0,1968,2313
1747537067934962596,0,1968,2313
1747537067954930004,0,1968,2313
1747537067975003768,0,1968,2313
1747537067995215283,0,1968,2313
1747537068015217664,0,1968,2313
1747537068035295000,0,1968,2313
1747537068055130466,0,1968,2313
1747537068075160741,0,1968,2313
1747537068095221266,0,1968,2313
1747537068115130743,0,1968,2313
1747537068135113297,0,1968,2313
1747537068155073646,0,1968,2313
1747537068175058512,0,1968,2313
1747537068195108111,0,1968,2313
1747537068215197523,0,1968,2313
1747537068235157407,0,1968,2313
1747537068255222181,0,1968,2313
1747537068275139171,0,1968,2313
1747537068294967321,0,1968,2313
1747537068315291054,0,1968,2313
1747537068335301957,0,1968,2313
1747537068355201684,0,1968,2313
1747537068374929952,0,1968,2313
1747537068395225788,0,1968,2313
1747537068415180475,0,1968,2313
1747537068435103221,0,1968,2313
1747537068455376877,0,1968,2313
1747537068475027858,0,1968,2313
1747537068494999299,0,1968,2313
1747537068514967660,0,1968,2313
1747537068535096112,0,1968,2313
1747537068555141845,0,1968,2313
1747537068574816589,0,1968,2313
1747537068595113266,0,1968,2313
1747537068615052559,0,1968,2313
1747537068635062900,0,1968,2313
1747537068654935938,0,1968,2313
1747537068675024510,0,1968,2313
1747537068694881897,0,1968,2313
1747537068715094175,0,1968,2313
1747537068735117943,0,1968,2313
1747537068755028415,0,1968,2313
1747537068775000205,0,1968,2313
1747537068794893430,0,1968,2313
1747537068815060330,0,1968,2313
1747537068835128761,0,1968,2313
1747537068855167865,0,1968,2313
1747537068875235669,0,1968,2313
1747537068895083589,0,1968,2313
1747537068915003700,0,1968,2313
1747537068935001588,0,1968,2313
1747537068955200987,0,1968,2313
1747537068975233982,0,1968,2313
1747537068995094498,0,1968,2313
1747537069015057282,0,1968,2313
1747537069035258130,0,1968,2313
1747537069055159379,0,1968,2313
1747537069075137551,0,1968,2313
1747537069095147527,0,1968,2313
1747537069115146176,0,1968,2313
1747537069134967920,0,1968,2313
1747537069155116106,0,1968,2313
1747537069175087573,0,1968,2313
1747537069195151063,0,1968,2313
1747537069215208072,0,1968,2313
1747537069234966116,0,1968,2313
1747537069254975108,0,1968,2313
1747537069275103392,0,1968,2313
1747537069295206451,0,1968,2313
1747537069315086071,0,1968,2313
1747537069335084971,0,1968,2313
1747537069355131749,0,1968,2313
1747537069375335486,0,1968,2313
1747537069394970195,0,1968,2313
1747537069415199514,0,1968,2313
1747537069435136014,0,1968,2313
1747537069455211627,0,1968,2313
1747537069475048286,0,1968,2313
1747537069495098943,0,1968,2313
1747537069515053724,0,1968,2313
1747537069535002532,0,1968,2313
1747537069554966276,0,1968,2313
1747537069574876697,0,1968,2313
1747537069595221682,0,1968,2313
1747537069615145146,0,1968,2313
1747537069635020814,0,1968,2313
1747537069655099392,0,1968,2313
1747537069674939564,0,1968,2313
1747537069695093914,0,1968,2313
1747537069715050444,0,1968,2313
1747537069735060235,0,1968,2313
1747537069755190250,0,1968,2313
1747537069775130876,0,1968,2313
1747537069795016269,0,1968,2313
1747537069815121963,0,1968,2313
1747537069835152639,0,1968,2313
1747537069855058458,0,1968,2313
1747537069875072977,0,1968,2313
1747537069894983928,0,1968,2313
1747537069915259916,0,1968,2313
1747537069934952420,0,1968,2313
1747537069954941886,0,1968,2313
1747537069975035286,0,1968,2313
1747537069995056726,0,1968,2313
1747537070014954004,0,1968,2313
1747537070034895656,0,1968,2313
1747537070055213975,0,1968,2313
1747537070075337239,0,1968,2313
1747537070095203494,0,1968,2313
1747537070115201158,0,1968,2313
1747537070135125342,0,1968,2313
1747537070155072716,0,1967,2313
1747537070175054615,0,1967,2313
1747537070195129058,0,1967,2313
1747537070215021056,0,1966,2313
1747537070235207386,0,1966,2313
1747537070255179523,0,1965,2313
1747537070274975536,0,1965,2313
1747537070295191863,0,1965,2313
1747537070315155859,0,1964,2313
1747537070335089296,0,1964,2313
1747537070355169474,0,1963,2313
1747537070375162031,0,1963,2313
1747537070394916476,0,1963,2313
1747537070415041807,0,1962,2313
1747537070435084221,0,1962,2313
1747537070454979992,0,1961,2313
1747537070475005045,0,1961,2313
1747537070494954370,0,1961,2313
1747537070515044733,0,1960,2313
1747537070534746533,0,1960,2313
1747537070554970055,0,1959,2313
1747537070574875248,0,1959,2313
1747537070594680240,0,1959,2313
1747537070614975845,0,1958,2313
1747537070634878656,0,1958,2313
1747537070654900895,0,1957,2313
1747537070675070195,0,1957,2313
1747537070695047078,0,1957,2313
1747537070715084702,0,1956,2313
1747537070734918603,0,1956,2313
1747537070755098421,0,1955,2313
1747537070775096093,0,1955,2313
1747537070795096884,0,1955,2313
1747537070815168988,0,1954,2313
1747537070835082534,0,1954,2313
1747537070854974281,0,1953,2313
1747537070874917223,0,1953,2313
1747537070894997815,0,1953,2313
1747537070914993598,0,1952,2313
1747537070935099732,0,1952,2313
1747537070955136652,0,1951,2313
1747537070975219089,0,1951,2313
1747537070995143089,0,1951,2313
1747537071015031407,0,1950,2313
1747537071035224311,0,1950,2313
1747537071055161884,0,1949,2313
1747537071075335452,0,1949,2313
1747537071095079458,0,1949,2313
1747537071115117984,0,1948,2313
1747537071135033580,0,1948,2313
1747537071154966141,0,1947,2313
1747537071175086843,0,1947,2313
1747537071195104190,0,1947,2313
1747537071214999341,0,1946,2313
1747537071235133393,0,1946,2313
1747537071254890721,0,1945,2313
1747537071275011578,0,1945,2313
1747537071295047747,0,1945,2313
1747537071315138939,0,1944,2313
1747537071334889384,0,1944,2313
1747537071354965058,0,1943,2313
1747537071375001018,0,1943,2313
1747537071395076716,0,1943,2313
1747537071414910308,0,1942,2313
1747537071435062694,0,1942,2313
1747537071455046714,0,1941,2313
1747537071474975375,0,1941,2313
1747537071495184148,0,1941,2313
1747537071515241603,0,1940,2313
1747537071534986873,0,1940,2313
1747537071554944665,0,1939,2313
1747537071575010030,0,1939,2313
1747537071595183821,0,1939,2313
1747537071615173792,0,1938,2313
1747537071635144753,0,1938,2313
1747537071655030458,0,1937,2313
1747537071675027821,0,1937,2313
1747537071695245588,0,1937,2313
1747537071715151697,0,1936,2313
1747537071735245019,0,1936,2313
1747537071754765521,0,1935,2313
1747537071774757266,0,1935,2313
1747537071794815940,0,1935,2313
1747537071814949901,0,1934,2313
1747537071835100236,0,1934,2313
1747537071854969140,0,1933,2313
1747537071874902283,0,1933,2313
1747537071894984691,0,1933,2313
1747537071914965895,0,1932,2313
1747537071935192345,0,1932,2313
1747537071955275248,0,1931,2313
1747537071975235659,0,1931,2313
1747537071995253006,0,1931,2313
1747537072015144609,0,1930,2313
1747537072034971991,0,1930,2313
1747537072055242051,0,1929,2313
1747537072075088814,0,1929,2313
1747537072094923807,0,1929,2313
1747537072114926074,0,1928,2313
1747537072135143698,0,1928,2313
1747537072155213945,0,1927,2313
1747537072175103567,0,1927,2313
1747537072195158330,0,1927,2313
1747537072215131864,0,1926,2313
1747537072235091430,0,1926,2313
1747537072254932920,0,1925,2313
1747537072274971085,0,1925,2313
1747537072294751678,0,1925,2313
1747537072314987740,0,1924,2313
1747537072335024134,0,1924,2313
1747537072354825904,0,1923,2313
1747537072375031010,0,1923,2313
1747537072394924753,0,1923,2313
1747537072415166971,0,1922,2313
1747537072434822628,0,1922,2313
1747537072454992915,0,1921,2313
1747537072475094011,0,1921,2313
1747537072495040836,0,1921,2313
1747537072514988060,0,1920,2313
1747537072535094479,0,1920,2313
1747537072554863636,0,1919,2313
1747537072574909843,0,1919,2313
1747537072594989382,0,1919,2313
1747537072614794541,0,1918,2313
1747537072635077388,0,1918,2313
1747537072655053868,0,1917,2313
1747537072675085224,0,1917,2313
1747537072694925246,0,1917,2313
1747537072715106406,0,1916,2313
1747537072734959143,0,1916,2313
1747537072755103211,0,1915,2313
1747537072774956647,0,1915,2313
1747537072795110229,0,1915,2313
1747537072814967972,0,1914,2313
1747537072835099796,0,1914,2313
1747537072855215109,0,1913,2313
1747537072875110516,0,1913,2313
1747537072895116901,0,1913,2313
1747537072915038158,0,1912,2313
1747537072935043859,0,1912,2313
1747537072955027682,0,1911,2313
1747537072974787552,0,1911,2313
1747537072994855146,0,1911,2313
1747537073014843838,0,1910,2313
1747537073034952658,0,1910,2313
1747537073055212994,0,1909,2313
1747537073075044789,0,1909,2313
1747537073095086938,0,1909,2313
1747537073114921681,0,1908,2313
1747537073134857044,0,1908,2313
1747537073154888379,0,1907,2313
1747537073174936423,0,1907,2313
1747537073194993511,0,1907,2313
1747537073215075828,0,1906,2313
1747537073234880925,0,1906,2313
1747537073255040032,0,1905,2313
1747537073275077116,0,1905,2313
1747537073295144534,0,1905,2313
1747537073315116953,0,1904,2313
1747537073334991937,0,1904,2313
1747537073354937205,0,1903,2313
1747537073375068419,0,1903,2313
1747537073395080075,0,1903,2313
1747537073415012239,0,1902,2313
1747537073435006268,0,1902,2313
1747537073455018904,0,1901,2313
1747537073475243378,0,1901,2313
1747537073495139471,0,1901,2313
1747537073515165527,0,1900,2313
1747537073535142438,0,1900,2313
1747537073555033754,0,1899,2313
1747537073575070605,0,1899,2313
1747537073595141587,0,1899,2313
1747537073615234645,0,1898,2313
1747537073634969343,0,1898,2313
1747537073655322408,0,1897,2313
1747537073675214627,0,1897,2313
1747537073695304185,0,1897,2313
1747537073714942456,0,1896,2313
1747537073735217648,0,1896,2313
1747537073755116660,0,1895,2313
1747537073775114990,0,1895,2313
1747537073795143579,0,1895,2313
1747537073814985584,0,1894,2313
1747537073835117108,0,1894,2313
1747537073855197018,0,1893,2313
1747537073875197114,0,1893,2313
1747537073895150481,0,1893,2313
1747537073915089865,0,1892,2313
1747537073935146519,0,1892,2313
1747537073954997554,0,1891,2313
1747537073975082331,0,1891,2313
1747537073995063057,0,1891,2313
1747537074015122835,0,1890,2313
1747537074035251479,0,1890,2313
1747537074054883171,0,1889,2313
1747537074075120819,0,1889,2313
1747537074095222380,0,1889,2313
1747537074115122604,0,1888,2313
1747537074135087051,0,1888,2313
1747537074154931132,0,1887,2313
1747537074174965255,0,1887,2313
1747537074195212136,0,1887,2313
1747537074215039321,0,1886,2313
1747537074235100394,0,1886,2313
1747537074255032558,0,1885,2313
1747537074274842122,0,1885,2313
1747537074295186138,0,1885,2313
1747537074315050036,0,1884,2313
1747537074335070075,0,1884,2313
1747537074355123491,0,1883,2313
1747537074375187656,0,1883,2313
1747537074394950262,0,1883,2313
1747537074415077238,0,1882,2313
1747537074435033197,0,1882,2313
1747537074454991151,0,1881,2313
1747537074474918966,0,1881,2313
1747537074495047729,0,1881,2313
1747537074515109192,0,1880,2313
1747537074535006438,0,1880,2313
1747537074554955493,0,1879,2313
1747537074574823056,0,1879,2313
1747537074594990305,0,1879,2313
1747537074615062500,0,1878,2313
1747537074634774894,0,1878,2313
1747537074655054708,0,1877,2313
1747537074675130819,0,1877,2313
1747537074695169623,0,1877,2313
1747537074714969080,0,1876,2313
1747537074735424582,0,1876,2313
1747537074755245173,0,1875,2313
1747537074775273838,0,1875,2313
1747537074795248278,0,1875,2313
1747537074815016187,0,1874,2313
1747537074835152083,0,1874,2313
1747537074855319695,0,1873,2313
1747537074875114313,0,1873,2313
1747537074895308760,0,1873,2313
1747537074914861171,0,1872,2313
1747537074934977837,0,1872,2313
1747537074954741214,0,1871,2313
1747537074974852741,0,1871,2313
1747537074994899703,0,1871,2313
1747537075014881378,0,1870,2313
1747537075034876272,0,1870,2313
1747537075054881046,0,1869,2313
1747537075074798778,0,1869,2313
1747537075094790984,0,1869,2313
1747537075114959156,0,1868,2313
1747537075135061291,0,1868,2313
1747537075155286303,0,1867,2313
1747537075174855286,0,1867,2313
1747537075194913185,0,1867,2313
1747537075214932768,0,1866,2313
1747537075234800726,0,1866,2313
1747537075255350368,0,1865,2313
1747537075275183109,0,1865,2313
1747537075295435313,0,1865,2313
1747537075315434568,0,1864,2313
1747537075335293426,0,1864,2313
1747537075355339291,0,1863,2313
1747537075375200243,0,1863,2313
1747537075395106276,0,1863,2313
1747537075415120571,0,1862,2313
1747537075435035011,0,1862,2313
1747537075455035342,0,1861,2313
1747537075474952086,0,1861,2313
1747537075495345443,0,1861,2313
1747537075515206808,0,1860,2313
1747537075535142705,0,1860,2313
1747537075555085975,0,1859,2313
1747537075575187736,0,1859,2313
1747537075595130701,0,1859,2313
1747537075615070707,0,1858,2313
1747537075634957048,0,1858,2313
1747537075655061172,0,1857,2313
1747537075674868848,0,1857,2313
1747537075695210119,0,1857,2313
1747537075715255621,0,1856,2313
1747537075735165948,0,1856,2313
1747537075755194395,0,1855,2313
1747537075775200166,0,1855,2313
1747537075795135553,0,1855,2313
1747537075815203879,0,1854,2313
1747537075835323312,0,1854,2313
1747537075855329753,0,1853,2313
1747537075874846527,0,1853,2313
1747537075895160140,0,1853,2313
1747537075915208231,0,1852,2313
1747537075935123295,0,1852,2313
1747537075955051240,0,1851,2313
1747537075974875764,0,1851,2313
1747537075995195415,0,1851,2313
1747537076015335385,0,1850,2313
1747537076035168481,0,1850,2313
1747537076055051721,0,1849,2313
1747537076075159381,0,1849,2313
1747537076095242112,0,1849,2313
1747537076114954499,0,1848,2313
1747537076135094098,0,1848,2313
1747537076155247740,0,1847,2313
1747537076174905768,0,1847,2313
1747537076195067240,0,1847,2313
1747537076215136406,0,1846,2313
1747537076235025228,0,1846,2313
1747537076255283675,0,1845,2313
1747537076275330568,0,1845,2313
1747537076295321013,0,1845,2313
1747537076315344120,0,1844,2313
1747537076335434614,0,1844,2313
1747537076355352512,0,1843,2313
1747537076375284836,0,1843,2313
1747537076395345981,0,1843,2313
1747537076415403490,0,1842,2313
1747537076435342656,0,1842,2313
1747537076455263124,0,1841,2313
1747537076474978426,0,1841,2313
1747537076495311694,0,1841,2313
1747537076515118891,0,1840,2313
1747537076535050055,0,1840,2313
1747537076555090092,0,1839,2313
1747537076574961393,0,1839,2313
1747537076594819883,0,1839,2313
1747537076615093274,0,1838,2313
1747537076635166955,0,1838,2313
1747537076654744924,0,1837,2313
1747537076674986512,0,1837,2313
1747537076695243400,0,1837,2313
1747537076715347723,0,1836,2313
1747537076735199320,0,1836,2313
1747537076755226163,0,1835,2313
1747537076775280981,0,1835,2313
1747537076795196067,0,1835,2313
1747537076815231237,0,1834,2313
1747537076835264724,0,1834,2313
1747537076855351065,0,1833,2313
1747537076875208831,0,1833,2313
1747537076895234494,0,1833,2313
1747537076915089909,0,1832,2313
1747537076935201872,0,1832,2313
1747537076955212780,0,1831,2313
1747537076975032228,0,1831,2313
1747537076995239096,0,1831,2313
1747537077015193077,0,1830,2313
1747537077035286619,0,1830,2313
1747537077055236085,0,1829,2313
1747537077075183983,0,1829,2313
1747537077095279490,0,1829,2313
1747537077115189526,0,1828,2313
1747537077135131179,0,1828,2313
1747537077155078712,0,1827,2313
1747537077174986514,0,1827,2313
1747537077195118267,0,1827,2313
1747537077215290636,0,1826,2313
1747537077234954533,0,1826,2313
1747537077255185348,0,1825,2313
1747537077275139404,0,1825,2313
1747537077295000071,0,1825,2313
1747537077315284561,0,1824,2313
1747537077334966104,0,1824,2313
1747537077355101148,0,1823,2313
1747537077374924500,0,1823,2313
1747537077395313391,0,1823,2313
1747537077414938082,0,1822,2313
1747537077435186546,0,1822,2313
1747537077455180084,0,1821,2313
1747537077475077704,0,1821,2313
1747537077495042231,0,1821,2313
1747537077515242731,0,1820,2313
1747537077535107924,0,1820,2313
1747537077555093303,0,1819,2313
1747537077574917026,0,1819,2313
1747537077595287415,0,1819,2313
1747537077615110623,0,1818,2313
1747537077635101085,0,1818,2313
1747537077655012265,0,1817,2313
1747537077674898963,0,1817,2313
1747537077695190096,0,1817,2313
1747537077715089695,0,1816,2313
1747537077735090769,0,1816,2313
1747537077754956211,0,1815,2313
1747537077775233709,0,1815,2313
1747537077795081838,0,1815,2313
1747537077815196845,0,1814,2313
1747537077835170601,0,1814,2313
1747537077855166811,0,1813,2313
1747537077875111175,0,1813,2313
1747537077895144905,0,1813,2313
1747537077915018185,0,1812,2313
1747537077934977296,0,1812,2313
1747537077954999078,0,1811,2313
1747537077975139134,0,1811,2313
1747537077995011258,0,1811,2313
1747537078015196150,0,1810,2313
1747537078034997462,0,1810,2313
1747537078055310428,0,1809,2313
1747537078074906422,0,1809,2313
1747537078095013440,0,1809,2313
1747537078115038240,0,1808,2313
1747537078135053972,0,1808,2313
1747537078155050465,0,1807,2313
1747537078175061671,0,1807,2313
1747537078195070656,0,1807,2313
1747537078215185669,0,1806,2313
1747537078235191867,0,1806,2313
1747537078254951829,0,1805,2313
1747537078275161907,0,1805,2313
1747537078295053972,0,1805,2313
1747537078315049163,0,1804,2313
1747537078335222928,0,1804,2313
1747537078355056909,0,1803,2313
1747537078374921109,0,1803,2313
1747537078395141375,0,1803,2313
1747537078415093851,0,1802,2313
1747537078435065427,0,1802,2313
1747537078455137458,0,1801,2313
1747537078475083270,0,1801,2313
1747537078494999375,0,1801,2313
1747537078515058433,0,1800,2313
1747537078535267121,0,1800,2313
1747537078555281382,0,1799,2313
1747537078575274144,0,1799,2313
1747537078595273392,0,1799,2313
1747537078614601642,0,1798,2313
1747537078635069135,0,1798,2313
1747537078654946823,0,1797,2313
1747537078674791162,0,1797,2313
1747537078694881590,0,1797,2313
1747537078714833886,0,1796,2313
1747537078734957286,0,1796,2313
1747537078754816030,0,1795,2313
1747537078774679031,0,1795,2313
1747537078794943303,0,1795,2313
1747537078814824858,0,1794,2313
1747537078835233818,0,1794,2313
1747537078854912079,0,1793,2313
1747537078875067438,0,1793,2313
1747537078895022835,0,1793,2313
1747537078914956071,0,1792,2313
1747537078934838332,0,1792,2313
1747537078955137980,0,1791,2313
1747537078975033785,0,1791,2313
1747537078995171727,0,1791,2313
1747537079015141565,0,1790,2313
1747537079035025270,0,1790,2313
1747537079055246536,0,1789,2313
1747537079075012341,0,1789,2313
1747537079095219281,0,1789,2313
1747537079115200508,0,1788,2313
1747537079135087483,0,1788,2313
1747537079155008558,0,1787,2313
1747537079175355602,0,1787,2313
1747537079195084852,0,1787,2313
1747537079215138823,0,1786,2313
1747537079235230272,0,1786,2313
1747537079255057126,0,1785,2313
1747537079274962812,0,1785,2313
1747537079295178777,0,1785,2313
1747537079315065905,0,1784,2313
1747537079335017390,0,1784,2313
1747537079355143346,0,1783,2313
1747537079375163862,0,1783,2313
1747537079395142954,0,1783,2313
1747537079414912332,0,1782,2313
1747537079434937281,0,1782,2313
1747537079455126949,0,1781,2313
1747537079475241171,0,1781,2313
1747537079495077594,0,1781,2313
1747537079515026113,0,1780,2313
1747537079535214421,0,1780,2313
1747537079555218614,0,1779,2313
1747537079575047348,0,1779,2313
1747537079595379685,0,1779,2313
1747537079615152804,0,1778,2313
1747537079635130068,0,1778,2313
1747537079654819384,0,1777,2313
1747537079674915104,0,1777,2313
1747537079695015986,0,1777,2313
1747537079714975692,0,1776,2313
1747537079735104751,0,1776,2313
1747537079755063020,0,1775,2313
1747537079774937516,0,1775,2313
1747537079795204323,0,1775,2313
1747537079815115684,0,1774,2313
1747537079834935229,0,1774,2313
1747537079854764759,0,1773,2313
1747537079874923578,0,1773,2313
1747537079895027058,0,1773,2313
1747537079914935081,0,1772,2313
1747537079935008967,0,1772,2313
1747537079954991070,0,1771,2313
1747537079975041197,0,1771,2313
1747537079995078203,0,1771,2313
1747537080014809935,0,1770,2313
1747537080034925023,0,1770,2313
1747537080055127236,0,1769,2313
1747537080075048230,0,1769,2313
1747537080095056440,0,1769,2313
1747537080115152890,0,1768,2313
1747537080135174666,0,1768,2313
1747537080155012560,0,1767,2313
1747537080175147010,0,1767,2313
1747537080194876443,0,1767,2313
1747537080215109125,0,1766,2313
1747537080235164125,0,1766,2313
1747537080255078573,0,1765,2313
1747537080275177310,0,1765,2313
1747537080295194822,0,1765,2313
1747537080315088608,0,1764,2313
1747537080335053498,0,1764,2313
1747537080355116550,0,1763,2313
1747537080375102462,0,1763,2313
1747537080394977239,0,1763,2313
1747537080414973443,0,1762,2313
1747537080435072839,0,1762,2313
1747537080455137035,0,1761,2313
1747537080474920137,0,1761,2313
1747537080494804295,0,1761,2313
1747537080514848263,0,1760,2313
1747537080534814680,0,1760,2313
1747537080554948528,0,1759,2313
1747537080574941072,0,1759,2313
1747537080594964011,0,1759,2313
1747537080614914149,0,1758,2313
1747537080634636177,0,1758,2313
1747537080654947887,0,1757,2313
1747537080675079727,0,1757,2313
1747537080694707208,0,1757,2313
1747537080715055638,0,1756,2313
1747537080735212053,0,1756,2313
1747537080755294641,0,1755,2313
1747537080775257067,0,1755,2313
1747537080795087141,0,1755,2313
1747537080815217929,0,1754,2313
1747537080835232570,0,1754,2313
1747537080855261682,0,1753,2313
1747537080875251105,0,1753,2313
1747537080894868668,0,1753,2313
1747537080914853243,0,1752,2313
1747537080934843591,0,1752,2313
1747537080954988246,0,1751,2313
1747537080974861982,0,1751,2313
1747537080995064412,0,1751,2313
1747537081014842867,0,1750,2313
1747537081035038886,0,1750,2313
1747537081054894508,0,1749,2313
1747537081075130245,0,1749,2313
1747537081095317680,0,1749,2313
1747537081114967327,0,1748,2313
1747537081134996610,0,1748,2313
1747537081154991819,0,1747,2313
1747537081174799837,0,1747,2313
1747537081194945004,0,1747,2313
1747537081214886049,0,1746,2313
1747537081234951524,0,1746,2313
1747537081255070582,0,1745,2313
1747537081274852892,0,1745,2313
1747537081294861314,0,1745,2313
1747537081314981152,0,1744,2313
1747537081334913436,0,1744,2313
1747537081354997051,0,1743,2313
1747537081374806301,0,1743,2313
1747537081394991102,0,1743,2313
1747537081415004768,0,1742,2313
1747537081435081417,0,1742,2313
1747537081454841751,0,1741,2313
1747537081474933812,0,1741,2313
1747537081495138631,0,1741,2313
1747537081514983298,0,1740,2313
1747537081535079801,0,1740,2313
1747537081554928890,0,1739,2313
1747537081575226503,0,1739,2313
1747537081594909144,0,1739,2313
1747537081614895281,0,1738,2313
1747537081634935430,0,1738,2313
1747537081655041657,0,1737,2313
1747537081675031468,0,1737,2313
1747537081695223616,0,1737,2313
1747537081714994254,0,1736,2313
1747537081734927488,0,1736,2313
1747537081755235236,0,1735,2313
1747537081775124126,0,1735,2313
1747537081794976841,0,1735,2313
1747537081815059673,0,1734,2313
1747537081835127823,0,1734,2313
1747537081855058136,0,1733,2313
1747537081875149799,0,1733,2313
1747537081895073608,0,1733,2313
1747537081914991801,0,1732,2313
1747537081935079147,0,1732,2313
1747537081954977430,0,1731,2313
1747537081974919230,0,1731,2313
1747537081995084595,0,1731,2313
1747537082015079715,0,1730,2313
1747537082035000961,0,1730,2313
1747537082054987881,0,1729,2313
1747537082075021535,0,1729,2313
1747537082095192762,0,1729,2313
1747537082115135356,0,1728,2313
1747537082135050161,0,1728,2313
1747537082155036423,0,1727,2313
1747537082174889583,0,1727,2313
1747537082194948050,0,1727,2313
1747537082215043692,0,1726,2313
1747537082234908055,0,1726,2313
1747537082255076070,0,1725,2313
1747537082275194165,0,1725,2313
1747537082295077340,0,1725,2313
1747537082315038270,0,1724,2313
1747537082334994219,0,1724,2313
1747537082354959154,0,1723,2313
1747537082375062545,0,1723,2313
1747537082395124407,0,1723,2313
1747537082415146143,0,1722,2313
1747537082435032593,0,1722,2313
1747537082454697541,0,1721,2313
1747537082475001855,0,1721,2313
1747537082495042801,0,1721,2313
1747537082514983671,0,1720,2313
1747537082534871998,0,1720,2313
1747537082554727019,0,1719,2313
1747537082574929562,0,1719,2313
1747537082594934119,0,1719,2313
1747537082614931894,0,1718,2313
1747537082635040443,0,1718,2313
1747537082654641970,0,1717,2313
1747537082674712196,0,1717,2313
1747537082694793406,0,1717,2313
1747537082714663760,0,1716,2313
1747537082734913894,0,1716,2313
1747537082755003410,0,1715,2313
1747537082774869094,0,1715,2313
1747537082794936048,0,1715,2313
1747537082815202538,0,1714,2313
1747537082834982094,0,1714,2313
1747537082855070073,0,1713,2313
1747537082874908442,0,1713,2313
1747537082895188707,0,1713,2313
1747537082914830484,0,1712,2313
1747537082935056231,0,1712,2313
1747537082955162465,0,1711,2313
1747537082975018157,0,1711,2313
1747537082994992468,0,1711,2313
1747537083014786485,0,1711,2313
1747537083034827104,0,1711,2313
1747537083054782787,0,1711,2313
1747537083074871140,0,1711,2313
1747537083094920309,0,1711,2313
1747537083115162575,0,1711,2313
1747537083135098408,0,1711,2313
1747537083155138538,0,1711,2313
1747537083174948396,0,1711,2313
1747537083195092620,0,1711,2313
1747537083215225418,0,1711,2313
1747537083235355373,0,1711,2313
1747537083254926274,0,1711,2313
1747537083275321734,0,1711,2313
1747537083295299220,0,1711,2313
1747537083315378005,0,1711,2313
1747537083335230883,0,1711,2313
1747537083355151246,0,1711,2313
1747537083375084705,0,1711,2313
1747537083395047311,0,1711,2313
1747537083415097245,0,1711,2313
1747537083435093877,0,1711,2313
1747537083455145048,0,1711,2313
1747537083475068311,0,1711,2313
1747537083495130766,0,1711,2313
1747537083515205783,0,1711,2313
1747537083535218177,0,1711,2313
1747537083555161699,0,1711,2313
1747537083575013641,0,1711,2313
1747537083594719095,0,1711,2313
1747537083614831280,0,1711,2313
1747537083635041430,0,1711,2313
1747537083654957184,0,1711,2313
1747537083675247585,0,1711,2313
1747537083695064309,0,1711,2313
1747537083715156605,0,1711,2313
1747537083735192947,0,1711,2313
1747537083754961152,0,1712,2313
1747537083774911965,0,1712,2313
1747537083795145341,0,1712,2313
1747537083815160274,0,1713,2313
1747537083835133364,0,1713,2313
1747537083855464501,0,1714,2313
1747537083875049763,0,1714,2313
1747537083895147928,0,1714,2313
1747537083914868967,0,1715,2313
1747537083935184583,0,1715,2313
1747537083955029557,0,1716,2313
1747537083975185789,0,1716,2313
1747537083995236827,0,1716,2313
1747537084015267287,0,1717,2313
1747537084035134435,0,1717,2313
1747537084055213850,0,1718,2313
1747537084074773400,0,1718,2313
1747537084095019718,0,1718,2313
1747537084115029489,0,1719,2313
1747537084135251444,0,1719,2313
1747537084155238737,0,1720,2313
1747537084175233434,0,1720,2313
1747537084195282622,0,1720,2313
1747537084215239121,0,1721,2313
1747537084235107767,0,1721,2313
1747537084254969710,0,1722,2313
1747537084275024875,0,1722,2313
1747537084295051546,0,1722,2313
1747537084315086242,0,1723,2313
1747537084334935375,0,1723,2313
1747537084355098759,0,1724,2313
1747537084374888955,0,1724,2313
1747537084395028229,0,1724,2313
1747537084415088867,0,1725,2313
1747537084435070476,0,1725,2313
1747537084455179821,0,1726,2313
1747537084475035806,0,1726,2313
1747537084495106215,0,1726,2313
1747537084515269706,0,1727,2313
1747537084535150804,0,1727,2313
1747537084555285817,0,1728,2313
1747537084575091464,0,1728,2313
1747537084595257033,0,1728,2313
1747537084615360494,0,1729,2313
1747537084635356242,0,1729,2313
1747537084655252657,0,1730,2313
1747537084674952578,0,1730,2313
1747537084694840268,0,1730,2313
1747537084715049103,0,1731,2313
1747537084734726764,0,1731,2313
1747537084755081691,0,1732,2313
1747537084774998383,0,1732,2313
1747537084794997376,0,1732,2313
1747537084814965847,0,1733,2313
1747537084835023784,0,1733,2313
1747537084855034551,0,1734,2313
1747537084875027329,0,1734,2313
1747537084894919056,0,1734,2313
1747537084914766915,0,1735,2313
1747537084935067951,0,1735,2313
1747537084954986696,0,1736,2313
1747537084975104595,0,1736,2313
1747537084995104195,0,1736,2313
1747537085014990538,0,1737,2313
1747537085035026302,0,1737,2313
1747537085055188771,0,1738,2313
1747537085075163178,0,1738,2313
1747537085094935725,0,1738,2313
1747537085115203688,0,1739,2313
1747537085135065611,0,1739,2313
1747537085154786236,0,1740,2313
1747537085175406575,0,1740,2313
1747537085195054934,0,1740,2313
1747537085215131975,0,1741,2313
1747537085235023566,0,1741,2313
1747537085255201634,0,1742,2313
1747537085275050345,0,1742,2313
1747537085295077246,0,1742,2313
1747537085314928387,0,1743,2313
1747537085334959605,0,1743,2313
1747537085354977974,0,1744,2313
1747537085375020335,0,1744,2313
1747537085395007658,0,1744,2313
1747537085414902558,0,1745,2313
1747537085435110866,0,1745,2313
1747537085455184018,0,1746,2313
1747537085475070261,0,1746,2313
1747537085495140654,0,1746,2313
1747537085515122813,0,1747,2313
1747537085535144920,0,1747,2313
1747537085555157110,0,1748,2313
1747537085575042024,0,1748,2313
1747537085594971950,0,1748,2313
1747537085614991743,0,1749,2313
1747537085635117377,0,1749,2313
1747537085655072978,0,1750,2313
1747537085675174897,0,1750,2313
1747537085695131872,0,1750,2313
1747537085715336614,0,1751,2313
1747537085735339854,0,1751,2313
1747537085755232240,0,1752,2313
1747537085775228249,0,1752,2313
1747537085795129666,0,1752,2313
1747537085815194864,0,1753,2313
1747537085835202224,0,1753,2313
1747537085855033794,0,1754,2313
1747537085874939966,0,1754,2313
1747537085895060662,0,1754,2313
1747537085914846453,0,1755,2313
1747537085934932313,0,1755,2313
1747537085955035688,0,1756,2313
1747537085975118197,0,1756,2313
1747537085995074401,0,1756,2313
1747537086015078310,0,1757,2313
1747537086034826873,0,1757,2313
1747537086055118458,0,1758,2313
1747537086075067795,0,1758,2313
1747537086095281584,0,1758,2313
1747537086115011817,0,1759,2313
1747537086135112251,0,1759,2313
1747537086155023337,0,1760,2313
1747537086175084064,0,1760,2313
1747537086195114259,0,1760,2313
1747537086215142106,0,1761,2313
1747537086235195083,0,1761,2313
1747537086255182952,0,1762,2313
1747537086274992709,0,1762,2313
1747537086295009442,0,1762,2313
1747537086315133061,0,1763,2313
1747537086335080186,0,1763,2313
1747537086355022442,0,1764,2313
1747537086375094202,0,1764,2313
1747537086395144812,0,1764,2313
1747537086414925002,0,1765,2313
1747537086434983477,0,1765,2313
1747537086455038873,0,1766,2313
1747537086474857453,0,1766,2313
1747537086495043977,0,1766,2313
1747537086515126348,0,1767,2313
1747537086535010855,0,1767,2313
1747537086555257984,0,1768,2313
1747537086574790465,0,1768,2313
1747537086594947519,0,1768,2313
1747537086615027314,0,1769,2313
1747537086634995995,0,1769,2313
1747537086654942025,0,1770,2313
1747537086675096968,0,1770,2313
1747537086694860906,0,1770,2313
1747537086714829056,0,1771,2313
1747537086734883065,0,1771,2313
1747537086754659016,0,1772,2313
1747537086774871477,0,1772,2313
1747537086795032404,0,1772,2313
1747537086815196538,0,1773,2313
1747537086834984985,0,1773,2313
1747537086855159824,0,1774,2313
1747537086875114615,0,1774,2313
1747537086895007382,0,1774,2313
1747537086914898857,0,1775,2313
1747537086934983378,0,1775,2313
1747537086955030983,0,1776,2313
1747537086975020061,0,1776,2313
1747537086994992459,0,1776,2313
1747537087014943147,0,1777,2313
1747537087034802138,0,1777,2313
1747537087054885212,0,1778,2313
1747537087074900215,0,1778,2313
1747537087095128907,0,1778,2313
1747537087115053372,0,1779,2313
1747537087135001014,0,1779,2313
1747537087154996613,0,1780,2313
1747537087174958873,0,1780,2313
1747537087194989760,0,1780,2313
1747537087215117634,0,1781,2313
1747537087235289828,0,1781,2313
1747537087255093110,0,1782,2313
1747537087274802348,0,1782,2313
1747537087294913122,0,1782,2313
1747537087314954443,0,1783,2313
1747537087334948071,0,1783,2313
1747537087355111973,0,1784,2313
1747537087375071678,0,1784,2313
1747537087394827018,0,1784,2313
1747537087415344875,0,1785,2313
1747537087435160997,0,1785,2313
1747537087454938325,0,1786,2313
1747537087475110298,0,1786,2313
1747537087494968180,0,1786,2313
1747537087515076584,0,1787,2313
1747537087534944819,0,1787,2313
1747537087555326570,0,1788,2313
1747537087574770373,0,1788,2313
1747537087595061680,0,1788,2313
1747537087615008626,0,1789,2313
1747537087635010213,0,1789,2313
1747537087655051723,0,1790,2313
1747537087674908986,0,1790,2313
1747537087694878197,0,1790,2313
1747537087715022983,0,1791,2313
1747537087734945018,0,1791,2313
1747537087755040875,0,1792,2313
1747537087774861710,0,1792,2313
1747537087794892981,0,1792,2313
1747537087814928138,0,1793,2313
1747537087834836350,0,1793,2313
1747537087854743454,0,1794,2313
1747537087874786856,0,1794,2313
1747537087894667433,0,1794,2313
1747537087914941874,0,1795,2313
1747537087935278997,0,1795,2313
1747537087955136259,0,1796,2313
1747537087975114752,0,1796,2313
1747537087995202932,0,1796,2313
1747537088015125790,0,1797,2313
1747537088034948018,0,1797,2313
1747537088055067938,0,1798,2313
1747537088074955512,0,1798,2313
1747537088094903916,0,1798,2313
1747537088115031172,0,1799,2313
1747537088134935155,0,1799,2313
1747537088154941031,0,1800,2313
1747537088175111191,0,1800,2313
1747537088195158064,0,1800,2313
1747537088215014070,0,1801,2313
1747537088234858220,0,1801,2313
1747537088255113084,0,1802,2313
1747537088274962509,0,1802,2313
1747537088294828260,0,1802,2313
1747537088315125040,0,1803,2313
1747537088335140524,0,1803,2313
1747537088355172783,0,1804,2313
1747537088375185216,0,1804,2313
1747537088395040320,0,1804,2313
1747537088415091021,0,1805,2313
1747537088435144202,0,1805,2313
1747537088455049899,0,1806,2313
1747537088475073302,0,1806,2313
1747537088495167154,0,1806,2313
1747537088515045332,0,1807,2313
1747537088535027433,0,1807,2313
1747537088555039396,0,1808,2313
1747537088575051825,0,1808,2313
1747537088595076475,0,1808,2313
1747537088615156085,0,1809,2313
1747537088635030982,0,1809,2313
1747537088654942755,0,1810,2313
1747537088675043718,0,1810,2313
1747537088694925910,0,1810,2313
1747537088714744080,0,1811,2313
1747537088734954107,0,1811,2313
1747537088755036974,0,1812,2313
1747537088774772083,0,1812,2313
1747537088794910863,0,1812,2313
1747537088815120917,0,1813,2313
1747537088834885404,0,1813,2313
1747537088855188959,0,1814,2313
1747537088875191900,0,1814,2313
1747537088895069735,0,1814,2313
1747537088914809906,0,1815,2313
1747537088935380676,0,1815,2313
1747537088955252402,0,1816,2313
1747537088975245842,0,1816,2313
1747537088995150015,0,1816,2313
1747537089015103365,0,1817,2313
1747537089035155693,0,1817,2313
1747537089055227388,0,1818,2313
1747537089075151946,0,1818,2313
1747537089095368922,0,1818,2313
1747537089115090892,0,1819,2313
1747537089134941695,0,1819,2313
1747537089154914190,0,1820,2313
1747537089175178869,0,1820,2313
1747537089194935632,0,1820,2313
1747537089214902773,0,1821,2313
1747537089235094339,0,1821,2313
1747537089255170543,0,1822,2313
1747537089275025860,0,1822,2313
1747537089295075113,0,1822,2313
1747537089315104373,0,1823,2313
1747537089335123363,0,1823,2313
1747537089355046552,0,1824,2313
1747537089375121002,0,1824,2313
1747537089395032580,0,1824,2313
1747537089414840186,0,1825,2313
1747537089435060135,0,1825,2313
1747537089455107423,0,1826,2313
1747537089474730472,0,1826,2313
1747537089495129614,0,1826,2313
1747537089515086219,0,1827,2313
1747537089535017559,0,1827,2313
1747537089555069540,0,1828,2313
1747537089575012593,0,1828,2313
1747537089595114029,0,1828,2313
1747537089615250763,0,1829,2313
1747537089635269572,0,1829,2313
1747537089655085295,0,1830,2313
1747537089675042942,0,1830,2313
1747537089695265058,0,1830,2313
1747537089715190932,0,1831,2313
1747537089735150668,0,1831,2313
1747537089755137849,0,1832,2313
1747537089775094190,0,1832,2313
1747537089794941684,0,1832,2313
1747537089815356135,0,1833,2313
1747537089835247548,0,1833,2313
1747537089855189191,0,1834,2313
1747537089874918460,0,1834,2313
1747537089894915274,0,1834,2313
1747537089914957097,0,1835,2313
1747537089934978424,0,1835,2313
1747537089954861254,0,1836,2313
1747537089974850195,0,1836,2313
1747537089995002366,0,1836,2313
1747537090015127979,0,1837,2313
1747537090035006206,0,1837,2313
1747537090055179458,0,1838,2313
1747537090075119698,0,1838,2313
1747537090095003843,0,1838,2313
1747537090114940296,0,1839,2313
1747537090135022549,0,1839,2313
1747537090155131301,0,1840,2313
1747537090175136598,0,1840,2313
1747537090195178108,0,1840,2313
1747537090215100631,0,1841,2313
1747537090234997509,0,1841,2313
1747537090254989491,0,1842,2313
1747537090275175944,0,1842,2313
1747537090294989659,0,1842,2313
1747537090315170587,0,1843,2313
1747537090335137889,0,1843,2313
1747537090355163078,0,1844,2313
1747537090375217111,0,1844,2313
1747537090395248479,0,1844,2313
1747537090415047302,0,1845,2313
1747537090435272974,0,1845,2313
1747537090455191243,0,1846,2313
1747537090475354620,0,1846,2313
1747537090495297127,0,1846,2313
1747537090515203119,0,1847,2313
1747537090535045214,0,1847,2313
1747537090555127095,0,1848,2313
1747537090574930601,0,1848,2313
1747537090595157042,0,1848,2313
1747537090615051073,0,1849,2313
1747537090635152227,0,1849,2313
1747537090655223907,0,1850,2313
1747537090675175386,0,1850,2313
1747537090695155706,0,1850,2313
1747537090715234675,0,1851,2313
1747537090734906861,0,1851,2313
1747537090754763939,0,1852,2313
1747537090775130648,0,1852,2313
1747537090794793264,0,1852,2313
1747537090815062898,0,1853,2313
1747537090835101671,0,1853,2313
1747537090855034674,0,1854,2313
1747537090875072097,0,1854,2313
1747537090895122968,0,1854,2313
1747537090914989297,0,1855,2313
1747537090935197493,0,1855,2313
1747537090955313207,0,1856,2313
1747537090975350060,0,1856,2313
1747537090995307020,0,1856,2313
1747537091015264449,0,1857,2313
1747537091035262682,0,1857,2313
1747537091055243109,0,1858,2313
1747537091075144503,0,1858,2313
1747537091095173762,0,1858,2313
1747537091115146379,0,1859,2313
1747537091135107652,0,1859,2313
1747537091155073298,0,1860,2313
1747537091175010631,0,1860,2313
1747537091195223073,0,1860,2313
1747537091215098957,0,1861,2313
1747537091235265258,0,1861,2313
1747537091255071718,0,1862,2313
1747537091275072483,0,1862,2313
1747537091295157203,0,1862,2313
1747537091315084151,0,1863,2313
1747537091335156015,0,1863,2313
1747537091355169410,0,1864,2313
1747537091375290721,0,1864,2313
1747537091395287256,0,1864,2313
1747537091415298752,0,1865,2313
1747537091435320879,0,1865,2313
1747537091455360753,0,1866,2313
1747537091475255333,0,1866,2313
1747537091495206506,0,1866,2313
1747537091515327596,0,1867,2313
1747537091535322887,0,1867,2313
1747537091555330343,0,1868,2313
1747537091575052952,0,1868,2313
1747537091595322662,0,1868,2313
1747537091615319442,0,1869,2313
1747537091635330245,0,1869,2313
1747537091655365418,0,1870,2313
1747537091675591978,0,1870,2313
1747537091695346619,0,1870,2313
1747537091715413300,0,1871,2313
1747537091735446344,0,1871,2313
1747537091754985962,0,1872,2313
1747537091775377817,0,1872,2313
1747537091795032019,0,1872,2313
1747537091815178963,0,1873,2313
1747537091835068569,0,1873,2313
1747537091854888908,0,1874,2313
1747537091874847779,0,1874,2313
1747537091895050234,0,1874,2313
1747537091914896327,0,1875,2313
1747537091935031861,0,1875,2313
1747537091954999552,0,1876,2313
1747537091975039194,0,1876,2313
1747537091994998597,0,1876,2313
1747537092014995738,0,1877,2313
1747537092035103520,0,1877,2313
1747537092055000994,0,1878,2313
1747537092075106314,0,1878,2313
1747537092095087733,0,1878,2313
1747537092115095713,0,1879,2313
1747537092135053426,0,1879,2313
1747537092155187210,0,1880,2313
1747537092175301438,0,1880,2313
1747537092195159473,0,1880,2313
1747537092215403318,0,1881,2313
1747537092235234062,0,1881,2313
1747537092254885153,0,1882,2313
1747537092275011067,0,1882,2313
1747537092295141511,0,1882,2313
1747537092315004587,0,1883,2313
1747537092334960257,0,1883,2313
1747537092355183545,0,1884,2313
1747537092375048752,0,1884,2313
1747537092395199946,0,1884,2313
1747537092415061730,0,1885,2313
1747537092435072396,0,1885,2313
1747537092455158517,0,1886,2313
1747537092475203464,0,1886,2313
1747537092495166507,0,1886,2313
1747537092515086217,0,1887,2313
1747537092535025056,0,1887,2313
1747537092555149035,0,1888,2313
1747537092574950657,0,1888,2313
1747537092595065582,0,1888,2313
1747537092615156958,0,1889,2313
1747537092635122883,0,1889,2313
1747537092655075480,0,1890,2313
1747537092675272884,0,1890,2313
1747537092694922459,0,1890,2313
1747537092715143252,0,1891,2313
1747537092735168988,0,1891,2313
1747537092754836068,0,1892,2313
1747537092774774099,0,1892,2313
1747537092794796491,0,1892,2313
1747537092814978655,0,1893,2313
1747537092835072840,0,1893,2313
1747537092854966795,0,1894,2313
1747537092874890071,0,1894,2313
1747537092894885790,0,1894,2313
1747537092914858775,0,1895,2313
1747537092935032266,0,1895,2313
1747537092955018529,0,1896,2313
1747537092975240480,0,1896,2313
1747537092995098114,0,1896,2313
1747537093015177398,0,1897,2313
1747537093035007289,0,1897,2313
1747537093055102192,0,1898,2313
1747537093075055368,0,1898,2313
1747537093095212670,0,1898,2313
1747537093115196554,0,1899,2313
1747537093135275034,0,1899,2313
1747537093155048443,0,1900,2313
1747537093175037074,0,1900,2313
1747537093194932757,0,1900,2313
1747537093215028070,0,1900,2313
1747537093235089515,0,1900,2313
1747537093255086089,0,1900,2313
1747537093275013746,0,1900,2313
1747537093295188899,0,1900,2313
1747537093315223517,0,1900,2313
1747537093335187029,0,1900,2313
1747537093355269869,0,1900,2313
1747537093375091154,0,1900,2313
1747537093395060800,0,1900,2313
1747537093415172613,0,1900,2313
1747537093435278576,0,1900,2313
1747537093455185098,0,1900,2313
1747537093475165215,0,1900,2313
1747537093495147695,0,1900,2313
1747537093515095158,0,1900,2313
1747537093535085449,0,1900,2313
1747537093555191001,0,1900,2313
1747537093575003610,0,1900,2313
1747537093594921871,0,1900,2313
1747537093615029017,0,1900,2313
1747537093634939312,0,1900,2313
1747537093655172113,0,1900,2313
1747537093675131360,0,1900,2313
1747537093695070790,0,1900,2313
1747537093714933702,0,1900,2313
1747537093735076977,0,1900,2313
1747537093754838538,0,1900,2313
1747537093775106751,0,1900,2313
1747537093795152957,0,1900,2313
1747537093815241115,0,1900,2313
1747537093835273912,0,1900,2313
1747537093855145450,0,1900,2313
1747537093875154784,0,1900,2313
1747537093895270595,0,1900,2313
1747537093914832839,0,1900,2313
1747537093934902246,0,1900,2313
1747537093955049895,0,1901,2313
1747537093974862165,0,1901,2313
1747537093995291573,0,1901,2313
1747537094015002002,0,1902,2313
1747537094035004276,0,1902,2313
1747537094054697418,0,1903,2313
1747537094074890316,0,1903,2313
1747537094094711447,0,1903,2313
1747537094114950041,0,1904,2313
1747537094134978470,0,1904,2313
1747537094154974588,0,1905,2313
1747537094174975603,0,1905,2313
1747537094194951902,0,1905,2313
1747537094214752075,0,1906,2313
1747537094234895917,0,1906,2313
1747537094255077588,0,1907,2313
1747537094274829493,0,1907,2313
1747537094294901114,0,1907,2313
1747537094314799606,0,1907,2313
1747537094335101969,0,1907,2313
1747537094355021170,0,1907,2313
1747537094375101537,0,1907,2313
1747537094395130195,0,1907,2313
1747537094414969524,0,1907,2313
1747537094434899470,0,1907,2313
1747537094455048799,0,1907,2313
1747537094475077352,0,1907,2313
1747537094494989658,0,1907,2313
1747537094515141557,0,1907,2313
1747537094535113175,0,1907,2313
