%time,field.layout.data_offset,field.data0,field.data1,field.data2,field.data3,field.data4,field.data5,field.data6,field.data7
1752310302547327182,0,-16064,-3703,11507,9905,-4078,-9052,1542,14760
1752310302567368472,0,-16064,-3703,11507,9905,-4078,-9052,1542,14760
1752310302587339267,0,-16064,-3703,11507,9905,-4078,-9052,1542,14760
1752310302607360444,0,-16064,-3703,11507,9905,-4078,-9052,1542,14760
1752310302627371619,0,-16064,-3703,11507,9905,-4078,-9052,1542,14760
1752310302647415835,0,-16064,-3703,11507,9905,-4078,-9052,1542,14760
1752310302667412948,0,-16064,-3703,11507,9905,-4078,-9052,1542,14760
1752310302687422345,0,-16064,-3703,11507,9905,-4078,-9052,1542,14760
1752310302707416298,0,-16064,-3703,11507,9905,-4078,-9052,1542,14760
1752310302727377732,0,-16064,-3703,11507,9905,-4078,-9052,1542,14760
1752310302747461465,0,-16064,-3703,11507,9905,-4078,-9052,1542,14760
1752310302767438338,0,-16064,-3703,11507,9905,-4078,-9052,1542,14760
1752310302787470135,0,-16064,-3703,11507,9905,-4078,-9052,1542,14760
1752310302807389831,0,-16064,-3703,11507,9905,-4078,-9052,1542,14760
1752310302827393743,0,-16064,-3703,11507,9905,-4078,-9052,1542,14760
1752310302847504400,0,-16064,-3703,11507,9905,-4078,-9052,1542,14760
1752310302867229268,0,-16064,-3703,11507,9905,-4078,-9052,1542,14760
1752310302887316198,0,-16064,-3703,11507,9905,-4078,-9052,1542,14760
1752310302907259979,0,-16064,-3703,11507,9905,-4078,-9052,1542,14760
1752310302927298525,0,-16064,-3703,11507,9905,-4078,-9052,1542,14760
1752310302947308336,0,-16064,-3703,11507,9905,-4078,-9052,1542,14760
1752310302967409781,0,-16064,-3703,11507,9905,-4078,-9052,1542,14760
1752310302987525174,0,-16064,-3703,11507,9905,-4078,-9052,1542,14760
1752310303007441717,0,-16064,-3703,11507,9905,-4078,-9052,1542,14760
1752310303027334566,0,-16064,-3703,11507,9905,-4078,-9052,1542,14760
1752310303047441213,0,-16064,-3703,11507,9905,-4078,-9052,1542,14760
1752310303067340054,0,-16064,-3703,11507,9905,-4078,-9052,1542,14760
1752310303087401288,0,-16064,-3703,11507,9905,-4078,-9052,1542,14760
1752310303107332485,0,-16064,-3703,11507,9905,-4078,-9052,1542,14760
1752310303127363536,0,-16064,-3703,11507,9905,-4078,-9052,1542,14760
1752310303147395832,0,-16064,-3703,11507,9905,-4078,-9052,1542,14760
1752310303167446464,0,-16064,-3703,11507,9905,-4078,-9052,1542,14760
1752310303187421724,0,-16064,-3703,11507,9905,-4078,-9052,1542,14760
1752310303207367192,0,-16064,-3703,11507,9905,-4078,-9052,1542,14760
1752310303227289699,0,-16064,-3703,11507,9905,-4078,-9052,1542,14760
1752310303247276880,0,-16064,-3703,11507,9905,-4078,-9052,1542,14760
1752310303267291987,0,-16064,-3703,11507,9905,-4078,-9052,1542,14760
1752310303287327499,0,-16064,-3703,11507,9905,-4078,-9052,1542,14760
1752310303307316292,0,-16064,-3703,11507,9905,-4078,-9052,1542,14760
1752310303327394414,0,-16064,-3703,11507,9905,-4078,-9052,1542,14760
1752310303347326459,0,-16064,-3703,11507,9905,-4078,-9052,1542,14760
1752310303367387167,0,-16064,-3703,11507,9905,-4078,-9052,1542,14760
1752310303387416122,0,-16064,-3703,11507,9905,-4078,-9052,1542,14760
1752310303407425965,0,-16064,-3703,11507,9905,-4078,-9052,1542,14760
1752310303427485812,0,-16064,-3703,11507,9905,-4078,-9052,1542,14760
1752310303447390590,0,-16064,-3703,11507,9905,-4078,-9052,1542,14760
1752310303467428101,0,-16064,-3703,11507,9905,-4078,-9052,1542,14760
1752310303487386179,0,-16064,-3703,11507,9905,-4078,-9052,1542,14760
1752310303507384509,0,-16064,-3703,11507,9905,-4078,-9052,1542,14760
1752310303527309580,0,-16064,-3703,11507,9905,-4078,-9052,1542,14760
1752310303547356036,0,-16064,-3703,11507,9905,-4078,-9052,1542,14760
1752310303567363010,0,-16064,-3703,11507,9905,-4078,-9052,1542,14760
1752310303587461668,0,-16064,-3703,11507,9905,-4078,-9052,1542,14760
1752310303607370345,0,-16064,-3703,11507,9905,-4078,-9052,1542,14760
1752310303627286134,0,-16064,-3703,11507,9905,-4078,-9052,1542,14760
1752310303647357532,0,-16064,-3703,11507,9905,-4078,-9052,1542,14760
1752310303667465726,0,-16064,-3703,11507,9905,-4078,-9052,1542,14760
1752310303687537952,0,-16064,-3703,11507,9905,-4078,-9052,1542,14760
1752310303707512191,0,-16064,-3703,11507,9905,-4078,-9052,1542,14760
1752310303727445923,0,-16064,-3703,11507,9905,-4078,-9052,1542,14760
1752310303747383861,0,-16064,-3703,11507,9905,-4078,-9052,1542,14760
1752310303767673002,0,-16064,-3703,11507,9905,-4078,-9052,1542,14760
1752310303787566378,0,-16064,-3703,11507,9905,-4078,-9052,1542,14760
1752310303807507741,0,-16064,-3703,11507,9905,-4078,-9052,1542,14760
1752310303827515462,0,-16064,-3703,11507,9905,-4078,-9052,1542,14760
1752310303847387422,0,-16064,-3703,11507,9905,-4078,-9052,1542,14760
1752310303867390066,0,-16064,-3703,11507,9905,-4078,-9052,1542,14760
1752310303887551056,0,-16064,-3703,11507,9905,-4078,-9052,1542,14760
1752310303907352679,0,-16064,-3703,11507,9905,-4078,-9052,1542,14760
1752310303927387389,0,-16064,-3703,11507,9905,-4078,-9052,1542,14760
1752310303947403908,0,-16064,-3703,11507,9905,-4078,-9052,1542,14760
1752310303967446908,0,-16064,-3703,11507,9905,-4078,-9052,1542,14760
1752310303987502251,0,-16064,-3703,11507,9905,-4078,-9052,1542,14760
1752310304007400709,0,-16064,-3703,11507,9905,-4078,-9052,1542,14760
1752310304027481048,0,-16064,-3703,11507,9905,-4078,-9052,1542,14760
1752310304047356647,0,-16064,-3703,11507,9905,-4078,-9052,1542,14760
1752310304067358960,0,-16064,-3703,11507,9905,-4078,-9052,1542,14760
1752310304087463350,0,-16064,-3703,11507,9905,-4078,-9052,1542,14760
1752310304107340510,0,-16064,-3703,11507,9905,-4078,-9052,1542,14760
1752310304127534941,0,-16064,-3703,11507,9905,-4078,-9052,1542,14760
1752310304147446387,0,-16064,-3703,11507,9905,-4078,-9052,1542,14760
1752310304167401775,0,-16064,-3703,11507,9905,-4078,-9052,1542,14760
1752310304187391195,0,-16064,-3703,11507,9905,-4078,-9052,1542,14760
1752310304207434596,0,-16064,-3703,11507,9905,-4078,-9052,1542,14760
1752310304227349044,0,-16064,-3703,11507,9905,-4078,-9052,1542,14760
1752310304247342693,0,-16064,-3703,11507,9905,-4078,-9052,1542,14760
1752310304267295647,0,-16064,-3703,11507,9905,-4078,-9052,1542,14760
1752310304287359432,0,-16064,-3703,11507,9905,-4078,-9052,1542,14760
1752310304307321224,0,-16064,-3703,11507,9905,-4078,-9052,1542,14760
1752310304327375248,0,-16064,-3703,11507,9905,-4078,-9052,1542,14760
1752310304347361975,0,-16064,-3703,11507,9905,-4078,-9052,1542,14760
1752310304367258531,0,-16064,-3703,11507,9905,-4078,-9052,1542,14760
1752310304387392260,0,-16064,-3703,11507,9905,-4078,-9052,1542,14760
1752310304407332212,0,-16064,-3703,11507,9905,-4078,-9052,1542,14760
1752310304427393877,0,-16064,-3703,11507,9905,-4078,-9052,1542,14760
1752310304447336487,0,-16064,-3703,11507,9905,-4078,-9052,1542,14760
1752310304467521872,0,-16064,-3703,11507,9905,-4078,-9052,1542,14760
1752310304487350463,0,-16064,-3703,11507,9905,-4078,-9052,1542,14760
1752310304507306861,0,-16064,-3703,11507,9905,-4078,-9052,1542,14760
1752310304527401191,0,-16064,-3703,11507,9905,-4078,-9052,1542,14760
1752310304547330561,0,-16064,-3703,11507,9905,-4078,-9052,1542,14760
1752310304567363341,0,-16064,-3703,11507,9905,-4078,-9052,1542,14760
1752310304587288124,0,-16064,-3703,11507,9905,-4078,-9052,1542,14760
1752310304607389038,0,-16064,-3703,11507,9905,-4078,-9052,1542,14760
1752310304627465161,0,-16064,-3703,11507,9905,-4078,-9052,1542,14760
1752310304647411970,0,-16064,-3703,11507,9905,-4078,-9052,1542,14760
1752310304667424581,0,-16064,-3703,11507,9905,-4078,-9052,1542,14760
1752310304687427831,0,-16064,-3703,11507,9905,-4078,-9052,1542,14760
1752310304707449089,0,-16064,-3703,11507,9905,-4078,-9052,1542,14760
1752310304727408017,0,-16064,-3703,11507,9905,-4078,-9052,1542,14760
1752310304747472515,0,-16064,-3703,11507,9905,-4078,-9052,1542,14760
1752310304767527542,0,-16064,-3703,11507,9905,-4078,-9052,1542,14760
1752310304787450559,0,-16064,-3703,11507,9905,-4078,-9052,1542,14760
1752310304807374406,0,-16064,-3703,11507,9905,-4078,-9052,1542,14760
1752310304827420140,0,-16064,-3703,11507,9905,-4078,-9052,1542,14760
1752310304847386925,0,-16064,-3703,11507,9905,-4078,-9052,1542,14760
1752310304867509701,0,-16064,-3703,11507,9905,-4078,-9052,1542,14760
1752310304887344764,0,-16064,-3703,11507,9905,-4078,-9052,1542,14760
1752310304907385500,0,-16064,-3703,11507,9905,-4078,-9052,1542,14760
1752310304927258981,0,-16064,-3703,11507,9905,-4078,-9052,1542,14760
1752310304947358685,0,-16064,-3703,11507,9905,-4078,-9052,1542,14760
1752310304967367723,0,-16064,-3703,11507,9905,-4078,-9052,1542,14760
1752310304987406175,0,-16064,-3703,11507,9905,-4078,-9052,1542,14760
1752310305007304032,0,-16064,-3703,11507,9905,-4078,-9052,1542,14760
1752310305027313216,0,-16064,-3703,11507,9905,-4078,-9052,1542,14760
1752310305047361392,0,-16064,-3703,11507,9905,-4078,-9052,1542,14760
1752310305067347708,0,-16064,-3703,11507,9905,-4078,-9052,1542,14760
1752310305087363437,0,-16064,-3703,11507,9905,-4078,-9052,1542,14760
1752310305107395814,0,-16064,-3703,11507,9905,-4078,-9052,1542,14760
1752310305127343493,0,-16064,-3703,11507,9905,-4078,-9052,1542,14760
1752310305147334439,0,-16064,-3703,11507,9905,-4078,-9052,1542,14760
1752310305167357122,0,-16064,-3703,11507,9905,-4078,-9052,1542,14760
1752310305187257155,0,-16064,-3703,11507,9905,-4078,-9052,1542,14760
1752310305207235777,0,-16064,-3703,11507,9905,-4078,-9052,1542,14760
1752310305227272745,0,-16064,-3703,11507,9905,-4078,-9052,1542,14760
1752310305247267784,0,-16064,-3703,11507,9905,-4078,-9052,1542,14760
1752310305267325273,0,-16064,-3703,11507,9905,-4078,-9052,1542,14760
1752310305287301970,0,-16064,-3703,11507,9905,-4078,-9052,1542,14760
1752310305307333678,0,-16064,-3703,11507,9905,-4078,-9052,1542,14760
1752310305327310259,0,-16064,-3703,11507,9905,-4078,-9052,1542,14760
1752310305347371526,0,-16064,-3703,11507,9905,-4078,-9052,1542,14760
1752310305367408216,0,-16064,-3703,11507,9905,-4078,-9052,1542,14760
1752310305387334216,0,-16064,-3703,11507,9905,-4078,-9052,1542,14760
1752310305407380077,0,-16064,-3703,11507,9905,-4078,-9052,1542,14760
1752310305427418360,0,-16064,-3703,11507,9905,-4078,-9052,1542,14760
1752310305447378159,0,-16064,-3703,11507,9905,-4078,-9052,1542,14760
1752310305467436621,0,-16064,-3703,11507,9905,-4078,-9052,1542,14760
1752310305487345773,0,-16064,-3703,11507,9905,-4078,-9052,1542,14760
1752310305507330616,0,-16064,-3703,11507,9905,-4078,-9052,1542,14760
1752310305527397439,0,-16064,-3703,11507,9905,-4078,-9052,1542,14760
1752310305547319539,0,-16064,-3703,11507,9905,-4078,-9052,1542,14760
1752310305567368769,0,-16064,-3703,11507,9905,-4078,-9052,1542,14760
1752310305587379299,0,-16064,-3703,11507,9905,-4078,-9052,1542,14760
1752310305607321338,0,-16064,-3703,11507,9905,-4078,-9052,1542,14760
1752310305627346094,0,-16064,-3703,11507,9905,-4078,-9052,1542,14760
1752310305647325401,0,-16064,-3703,11507,9905,-4078,-9052,1542,14760
1752310305667478206,0,-16064,-3703,11507,9905,-4078,-9052,1542,14760
1752310305687464573,0,-16064,-3703,11507,9905,-4078,-9052,1542,14760
1752310305707366389,0,-16064,-3703,11507,9905,-4078,-9052,1542,14760
1752310305727283658,0,-16064,-3703,11507,9905,-4078,-9052,1542,14760
1752310305747316351,0,-16064,-3703,11507,9905,-4078,-9052,1542,14760
1752310305767275113,0,-16064,-3703,11507,9905,-4078,-9052,1542,14760
1752310305787274993,0,-16064,-3703,11507,9905,-4078,-9052,1542,14760
1752310305807304849,0,-16064,-3703,11507,9905,-4078,-9052,1542,14760
1752310305827285737,0,-16064,-3703,11507,9905,-4078,-9052,1542,14760
1752310305847296642,0,-16064,-3703,11507,9905,-4078,-9052,1542,14760
1752310305867259887,0,-16064,-3703,11507,9905,-4078,-9052,1542,14760
1752310305887439202,0,-16064,-3703,11507,9905,-4078,-9052,1542,14760
1752310305907321365,0,-16064,-3703,11507,9905,-4078,-9052,1542,14760
1752310305927425622,0,-16064,-3703,11507,9905,-4078,-9052,1542,14760
1752310305947343133,0,-16066,-3703,11507,9903,-4078,-9052,1542,14760
1752310305967309676,0,-16072,-3703,11507,9897,-4078,-9052,1542,14760
1752310305987308844,0,-16085,-3703,11507,9884,-4078,-9052,1542,14760
1752310306007490389,0,-16101,-3703,11507,9868,-4078,-9052,1542,14760
1752310306027490301,0,-16117,-3703,11507,9852,-4078,-9052,1542,14760
1752310306047329349,0,-16133,-3703,11507,9836,-4078,-9052,1542,14760
1752310306067364259,0,-16149,-3703,11507,9820,-4078,-9052,1542,14760
1752310306087301688,0,-16165,-3703,11507,9804,-4078,-9052,1542,14760
1752310306107324198,0,-16181,-3703,11507,9788,-4078,-9052,1542,14760
1752310306127335935,0,-16197,-3703,11507,9772,-4078,-9052,1542,14760
1752310306147505846,0,-16213,-3703,11507,9756,-4078,-9052,1542,14760
1752310306167328095,0,-16229,-3703,11507,9740,-4078,-9052,1542,14760
1752310306187257633,0,-16245,-3703,11507,9724,-4078,-9052,1542,14760
1752310306207312622,0,-16261,-3703,11507,9708,-4078,-9052,1542,14760
1752310306227275146,0,-16277,-3703,11507,9692,-4078,-9052,1542,14760
1752310306247330540,0,-16293,-3703,11507,9676,-4078,-9052,1542,14760
1752310306267351612,0,-16309,-3703,11507,9660,-4078,-9052,1542,14760
1752310306287391662,0,-16325,-3703,11507,9644,-4078,-9052,1542,14760
1752310306307335606,0,-16341,-3703,11507,9628,-4078,-9052,1542,14760
1752310306327323713,0,-16357,-3703,11507,9612,-4078,-9052,1542,14760
1752310306347383710,0,-16373,-3703,11507,9596,-4078,-9052,1542,14760
1752310306367330584,0,-16389,-3703,11507,9580,-4078,-9052,1542,14760
1752310306387290553,0,-16405,-3703,11507,9564,-4078,-9052,1542,14760
1752310306407357024,0,-16421,-3703,11507,9548,-4078,-9052,1542,14760
1752310306427430623,0,-16437,-3703,11507,9532,-4078,-9052,1542,14760
1752310306447399507,0,-16453,-3703,11507,9516,-4078,-9052,1542,14760
1752310306467408766,0,-16469,-3703,11507,9500,-4078,-9052,1542,14760
1752310306487456077,0,-16485,-3703,11507,9484,-4078,-9052,1542,14760
1752310306507372878,0,-16501,-3703,11507,9468,-4078,-9052,1542,14760
1752310306527362602,0,-16517,-3703,11507,9452,-4078,-9052,1542,14760
1752310306547310176,0,-16533,-3703,11507,9436,-4078,-9052,1542,14760
1752310306567370387,0,-16549,-3703,11507,9420,-4078,-9052,1542,14760
1752310306587304597,0,-16565,-3703,11507,9404,-4078,-9052,1542,14760
1752310306607359839,0,-16581,-3703,11507,9388,-4078,-9052,1542,14760
1752310306627431981,0,-16597,-3703,11507,9372,-4078,-9052,1542,14760
1752310306647387865,0,-16613,-3703,11507,9356,-4078,-9052,1542,14760
1752310306667434029,0,-16629,-3703,11507,9340,-4078,-9052,1542,14760
1752310306687366470,0,-16645,-3703,11507,9324,-4078,-9052,1542,14760
1752310306707361864,0,-16661,-3703,11507,9308,-4078,-9052,1542,14760
1752310306727424842,0,-16677,-3703,11507,9292,-4078,-9052,1542,14760
1752310306747375526,0,-16693,-3703,11507,9276,-4078,-9052,1542,14760
1752310306767394626,0,-16709,-3703,11507,9260,-4078,-9052,1542,14760
1752310306787415228,0,-16725,-3703,11507,9244,-4078,-9052,1542,14760
1752310306807405737,0,-16741,-3703,11507,9228,-4078,-9052,1542,14760
1752310306827296823,0,-16757,-3703,11507,9212,-4078,-9052,1542,14760
1752310306847321669,0,-16773,-3703,11507,9196,-4078,-9052,1542,14760
1752310306867319862,0,-16789,-3703,11507,9180,-4078,-9052,1542,14760
1752310306887311482,0,-16805,-3703,11507,9164,-4078,-9052,1542,14760
1752310306907334288,0,-16821,-3703,11507,9148,-4078,-9052,1542,14760
1752310306927339076,0,-16837,-3703,11507,9132,-4078,-9052,1542,14760
1752310306947352234,0,-16853,-3703,11507,9116,-4078,-9052,1542,14760
1752310306967325934,0,-16869,-3703,11507,9100,-4078,-9052,1542,14760
1752310306987359222,0,-16885,-3703,11507,9084,-4078,-9052,1542,14760
1752310307007443056,0,-16901,-3703,11507,9068,-4078,-9052,1542,14760
1752310307027406335,0,-16917,-3703,11507,9052,-4078,-9052,1542,14760
1752310307047406726,0,-16933,-3703,11507,9036,-4078,-9052,1542,14760
1752310307067441289,0,-16949,-3703,11507,9020,-4078,-9052,1542,14760
1752310307087410641,0,-16965,-3703,11507,9004,-4078,-9052,1542,14760
1752310307107389766,0,-16981,-3703,11507,8988,-4078,-9052,1542,14760
1752310307127425455,0,-16997,-3703,11507,8972,-4078,-9052,1542,14760
1752310307147446201,0,-17013,-3703,11507,8956,-4078,-9052,1542,14760
1752310307167411985,0,-17029,-3703,11507,8940,-4078,-9052,1542,14760
1752310307187441505,0,-17045,-3703,11507,8924,-4078,-9052,1542,14760
1752310307207266744,0,-17061,-3703,11507,8908,-4078,-9052,1542,14760
1752310307227345842,0,-17077,-3703,11507,8892,-4078,-9052,1542,14760
1752310307247401050,0,-17093,-3703,11507,8876,-4078,-9052,1542,14760
1752310307267487912,0,-17109,-3703,11507,8860,-4078,-9052,1542,14760
1752310307287319848,0,-17125,-3703,11507,8844,-4078,-9052,1542,14760
1752310307307342005,0,-17141,-3703,11507,8828,-4078,-9052,1542,14760
1752310307327259862,0,-17157,-3703,11507,8812,-4078,-9052,1542,14760
1752310307347422159,0,-17173,-3703,11507,8796,-4078,-9052,1542,14760
1752310307367505697,0,-17189,-3703,11507,8780,-4078,-9052,1542,14760
1752310307387422852,0,-17205,-3703,11507,8764,-4078,-9052,1542,14760
1752310307407403469,0,-17221,-3703,11507,8748,-4078,-9052,1542,14760
1752310307427379899,0,-17237,-3703,11507,8732,-4078,-9052,1542,14760
1752310307447349634,0,-17253,-3703,11507,8716,-4078,-9052,1542,14760
1752310307467339603,0,-17269,-3703,11507,8700,-4078,-9052,1542,14760
1752310307487495389,0,-17285,-3703,11507,8684,-4078,-9052,1542,14760
1752310307507390911,0,-17301,-3703,11507,8668,-4078,-9052,1542,14760
1752310307527398136,0,-17317,-3703,11507,8652,-4078,-9052,1542,14760
1752310307547325410,0,-17333,-3703,11507,8636,-4078,-9052,1542,14760
1752310307567363338,0,-17349,-3703,11507,8620,-4078,-9052,1542,14760
1752310307587365092,0,-17365,-3703,11507,8604,-4078,-9052,1542,14760
1752310307607497630,0,-17381,-3703,11507,8588,-4078,-9052,1542,14760
1752310307627397793,0,-17397,-3703,11507,8572,-4078,-9052,1542,14760
1752310307647419164,0,-17413,-3703,11507,8556,-4078,-9052,1542,14760
1752310307667473590,0,-17429,-3703,11507,8540,-4078,-9052,1542,14760
1752310307687432134,0,-17445,-3703,11507,8524,-4078,-9052,1542,14760
1752310307707436336,0,-17461,-3703,11507,8508,-4078,-9052,1542,14760
1752310307727448494,0,-17477,-3703,11507,8492,-4078,-9052,1542,14760
1752310307747431504,0,-17493,-3703,11507,8476,-4078,-9052,1542,14760
1752310307767447111,0,-17509,-3703,11507,8460,-4078,-9052,1542,14760
1752310307787511166,0,-17525,-3703,11507,8444,-4078,-9052,1542,14760
1752310307807385211,0,-17540,-3703,11507,8429,-4078,-9052,1542,14760
1752310307827376903,0,-17550,-3703,11507,8419,-4078,-9052,1542,14760
1752310307847388393,0,-17551,-3703,11507,8418,-4078,-9052,1542,14760
1752310307867384005,0,-17551,-3703,11507,8418,-4078,-9052,1542,14760
1752310307887370643,0,-17551,-3703,11507,8418,-4078,-9052,1542,14760
1752310307907402022,0,-17551,-3703,11507,8418,-4078,-9052,1542,14760
1752310307927374913,0,-17551,-3703,11507,8418,-4078,-9052,1542,14760
1752310307947449668,0,-17551,-3703,11507,8418,-4078,-9052,1542,14760
1752310307967387051,0,-17551,-3703,11507,8418,-4078,-9052,1542,14760
1752310307987392553,0,-17551,-3703,11507,8418,-4078,-9052,1542,14760
1752310308007394123,0,-17551,-3703,11507,8418,-4078,-9052,1542,14760
1752310308027354840,0,-17551,-3703,11507,8418,-4078,-9052,1542,14760
1752310308047457479,0,-17551,-3703,11507,8418,-4078,-9052,1542,14760
1752310308067345781,0,-17551,-3703,11507,8418,-4078,-9052,1542,14760
1752310308087422371,0,-17551,-3703,11507,8418,-4078,-9052,1542,14760
1752310308107471993,0,-17551,-3703,11507,8418,-4078,-9052,1542,14760
1752310308127467630,0,-17551,-3703,11507,8418,-4078,-9052,1542,14760
1752310308147359066,0,-17551,-3703,11507,8418,-4078,-9052,1542,14760
1752310308167468913,0,-17551,-3703,11507,8418,-4078,-9052,1542,14760
1752310308187473289,0,-17551,-3703,11507,8418,-4078,-9052,1542,14760
1752310308207392701,0,-17551,-3703,11507,8418,-4078,-9052,1542,14760
1752310308227408769,0,-17551,-3703,11507,8418,-4078,-9052,1542,14760
1752310308247423449,0,-17551,-3703,11507,8418,-4078,-9052,1542,14760
1752310308267367800,0,-17551,-3703,11507,8418,-4078,-9052,1542,14760
1752310308287392249,0,-17551,-3703,11507,8418,-4078,-9052,1542,14760
1752310308307458384,0,-17551,-3703,11507,8418,-4078,-9052,1542,14760
1752310308327422012,0,-17551,-3703,11507,8418,-4078,-9052,1542,14760
1752310308347440259,0,-17551,-3703,11507,8418,-4078,-9052,1542,14760
1752310308367369793,0,-17551,-3703,11507,8418,-4078,-9052,1542,14760
1752310308387478100,0,-17551,-3703,11507,8418,-4078,-9052,1542,14760
1752310308407442859,0,-17551,-3703,11507,8418,-4078,-9052,1542,14760
1752310308427343509,0,-17551,-3703,11507,8418,-4078,-9052,1542,14760
1752310308447391792,0,-17551,-3703,11507,8418,-4078,-9052,1542,14760
1752310308467402112,0,-17551,-3703,11507,8418,-4078,-9052,1542,14760
1752310308487509013,0,-17551,-3703,11507,8418,-4078,-9052,1542,14760
1752310308507317183,0,-17551,-3703,11507,8418,-4078,-9052,1542,14760
1752310308527415395,0,-17551,-3703,11507,8418,-4078,-9052,1542,14760
1752310308547409796,0,-17551,-3703,11507,8418,-4078,-9052,1542,14760
1752310308567320856,0,-17551,-3703,11507,8418,-4078,-9052,1542,14760
1752310308587449729,0,-17551,-3703,11507,8418,-4078,-9052,1542,14760
1752310308607408866,0,-17551,-3703,11507,8418,-4078,-9052,1542,14760
1752310308627416626,0,-17551,-3703,11507,8418,-4078,-9052,1542,14760
1752310308647326962,0,-17551,-3703,11507,8418,-4078,-9052,1542,14760
1752310308667359320,0,-17551,-3703,11507,8418,-4078,-9052,1542,14760
1752310308687358855,0,-17551,-3703,11507,8418,-4078,-9052,1542,14760
1752310308707456194,0,-17551,-3703,11507,8418,-4078,-9052,1542,14760
1752310308727362595,0,-17551,-3703,11507,8418,-4078,-9052,1542,14760
1752310308747378131,0,-17551,-3703,11507,8418,-4078,-9052,1542,14760
1752310308767402550,0,-17551,-3703,11507,8418,-4078,-9052,1542,14760
1752310308787428170,0,-17551,-3703,11507,8418,-4078,-9052,1542,14760
1752310308807419003,0,-17551,-3703,11507,8418,-4078,-9052,1542,14760
1752310308827474347,0,-17551,-3703,11507,8418,-4078,-9052,1542,14760
1752310308847371759,0,-17551,-3703,11507,8418,-4078,-9052,1542,14760
1752310308867336696,0,-17551,-3703,11507,8418,-4078,-9052,1542,14760
1752310308887334974,0,-17551,-3703,11507,8418,-4078,-9052,1542,14760
1752310308907400123,0,-17551,-3703,11507,8418,-4078,-9052,1542,14760
1752310308927377784,0,-17551,-3703,11507,8418,-4078,-9052,1542,14760
1752310308947290884,0,-17551,-3703,11507,8418,-4078,-9052,1542,14760
1752310308967423502,0,-17551,-3703,11507,8418,-4078,-9052,1542,14760
1752310308987321720,0,-17551,-3703,11507,8418,-4078,-9052,1542,14760
1752310309007286634,0,-17551,-3703,11507,8418,-4078,-9052,1542,14760
1752310309027422600,0,-17551,-3703,11507,8418,-4078,-9052,1542,14760
1752310309047322763,0,-17551,-3703,11507,8418,-4078,-9052,1542,14760
1752310309067397065,0,-17551,-3703,11507,8418,-4078,-9052,1542,14760
1752310309087292696,0,-17551,-3703,11507,8418,-4078,-9052,1542,14760
1752310309107332217,0,-17551,-3703,11507,8418,-4078,-9052,1542,14760
1752310309127403587,0,-17551,-3703,11507,8418,-4078,-9052,1542,14760
1752310309147416409,0,-17551,-3703,11507,8418,-4078,-9052,1542,14760
1752310309167431330,0,-17551,-3703,11507,8418,-4078,-9052,1542,14760
1752310309187360020,0,-17551,-3703,11507,8418,-4078,-9052,1542,14760
1752310309207474160,0,-17551,-3703,11507,8418,-4078,-9052,1542,14760
1752310309227451160,0,-17551,-3703,11507,8418,-4078,-9052,1542,14760
1752310309247380042,0,-17551,-3703,11507,8418,-4078,-9052,1542,14760
1752310309267445668,0,-17551,-3703,11507,8418,-4078,-9052,1542,14760
1752310309287361109,0,-17551,-3703,11507,8418,-4078,-9052,1542,14760
1752310309307405511,0,-17551,-3703,11507,8418,-4078,-9052,1542,14760
1752310309327375279,0,-17551,-3703,11507,8418,-4078,-9052,1542,14760
1752310309347452830,0,-17551,-3703,11507,8418,-4078,-9052,1542,14760
1752310309367343739,0,-17551,-3703,11507,8418,-4078,-9052,1542,14760
1752310309387462879,0,-17551,-3703,11507,8418,-4078,-9052,1542,14760
1752310309407391648,0,-17551,-3703,11507,8418,-4078,-9052,1542,14760
1752310309427495660,0,-17551,-3703,11507,8418,-4078,-9052,1542,14760
1752310309447411786,0,-17551,-3703,11507,8418,-4078,-9052,1542,14760
1752310309467348654,0,-17551,-3703,11507,8418,-4078,-9052,1542,14760
1752310309487300937,0,-17551,-3703,11507,8418,-4078,-9052,1542,14760
1752310309507314876,0,-17551,-3703,11507,8418,-4078,-9052,1542,14760
1752310309527384000,0,-17551,-3703,11507,8418,-4078,-9052,1542,14760
1752310309547279749,0,-17551,-3703,11507,8418,-4078,-9052,1542,14760
1752310309567310615,0,-17551,-3703,11507,8418,-4078,-9052,1542,14760
1752310309587304645,0,-17551,-3703,11507,8418,-4078,-9052,1542,14760
1752310309607323432,0,-17551,-3703,11507,8418,-4078,-9052,1542,14760
1752310309627317029,0,-17551,-3703,11507,8418,-4078,-9052,1542,14760
1752310309647316444,0,-17551,-3703,11507,8418,-4078,-9052,1542,14760
1752310309667312879,0,-17551,-3703,11507,8418,-4078,-9052,1542,14760
1752310309687309432,0,-17551,-3703,11507,8418,-4078,-9052,1542,14760
1752310309707370265,0,-17551,-3703,11507,8418,-4078,-9052,1542,14760
1752310309727441951,0,-17551,-3703,11507,8418,-4078,-9052,1542,14760
1752310309747343470,0,-17551,-3703,11507,8418,-4078,-9052,1542,14760
1752310309767334374,0,-17551,-3703,11507,8418,-4078,-9052,1542,14760
1752310309787382276,0,-17551,-3703,11507,8418,-4078,-9052,1542,14760
1752310309807489795,0,-17551,-3703,11507,8418,-4078,-9052,1542,14760
1752310309827435142,0,-17551,-3703,11507,8418,-4078,-9052,1542,14760
1752310309847399393,0,-17551,-3703,11507,8418,-4078,-9052,1542,14760
1752310309867368344,0,-17551,-3703,11507,8418,-4078,-9052,1542,14760
1752310309887321640,0,-17551,-3703,11507,8418,-4078,-9052,1542,14760
1752310309907403103,0,-17551,-3703,11507,8418,-4078,-9052,1542,14760
1752310309927380052,0,-17551,-3703,11507,8418,-4078,-9052,1542,14760
1752310309947392668,0,-17551,-3703,11507,8418,-4078,-9052,1542,14760
1752310309967356219,0,-17551,-3703,11507,8418,-4078,-9052,1542,14760
1752310309987317191,0,-17551,-3703,11507,8418,-4078,-9052,1542,14760
1752310310007295476,0,-17551,-3703,11507,8418,-4078,-9052,1542,14760
1752310310027263350,0,-17551,-3703,11507,8418,-4078,-9052,1542,14760
1752310310047334871,0,-17551,-3703,11507,8418,-4078,-9052,1542,14760
1752310310067400980,0,-17551,-3703,11507,8418,-4078,-9052,1542,14760
1752310310087420646,0,-17551,-3703,11507,8418,-4078,-9052,1542,14760
1752310310107357230,0,-17551,-3703,11507,8418,-4078,-9052,1542,14760
1752310310127339517,0,-17551,-3703,11507,8418,-4078,-9052,1542,14760
1752310310147508165,0,-17551,-3703,11507,8418,-4078,-9052,1542,14760
1752310310167437457,0,-17551,-3703,11507,8418,-4078,-9052,1542,14760
1752310310187446711,0,-17551,-3703,11507,8418,-4078,-9052,1542,14760
1752310310207424871,0,-17551,-3703,11507,8418,-4078,-9052,1542,14760
1752310310227389772,0,-17551,-3703,11507,8418,-4078,-9052,1542,14760
1752310310247444728,0,-17551,-3703,11507,8418,-4078,-9052,1542,14760
1752310310267506326,0,-17551,-3703,11507,8418,-4078,-9052,1542,14760
1752310310287414007,0,-17551,-3703,11507,8418,-4078,-9052,1542,14760
1752310310307383594,0,-17551,-3703,11507,8418,-4078,-9052,1542,14760
1752310310327365706,0,-17551,-3703,11507,8418,-4078,-9052,1542,14760
1752310310347413474,0,-17551,-3703,11507,8418,-4078,-9052,1542,14760
1752310310367347068,0,-17551,-3703,11507,8418,-4078,-9052,1542,14760
1752310310387401617,0,-17551,-3703,11507,8418,-4078,-9052,1542,14760
1752310310407366302,0,-17551,-3703,11507,8418,-4078,-9052,1542,14760
1752310310427412090,0,-17551,-3703,11507,8418,-4078,-9052,1542,14760
1752310310447351424,0,-17551,-3703,11507,8418,-4078,-9052,1542,14760
1752310310467343681,0,-17551,-3703,11507,8418,-4078,-9052,1542,14760
1752310310487367245,0,-17551,-3703,11507,8418,-4078,-9052,1542,14760
1752310310507417991,0,-17551,-3703,11507,8418,-4078,-9052,1542,14760
1752310310527361205,0,-17551,-3703,11507,8418,-4078,-9052,1542,14760
1752310310547379647,0,-17551,-3703,11507,8418,-4078,-9052,1542,14760
1752310310567431253,0,-17551,-3703,11507,8418,-4078,-9052,1542,14760
1752310310587346770,0,-17551,-3703,11507,8418,-4078,-9052,1542,14760
1752310310607321515,0,-17551,-3703,11507,8418,-4078,-9052,1542,14760
1752310310627456911,0,-17551,-3703,11507,8418,-4078,-9052,1542,14760
1752310310647295412,0,-17551,-3703,11507,8418,-4078,-9052,1542,14760
1752310310667371759,0,-17551,-3703,11507,8418,-4078,-9052,1542,14760
1752310310687367563,0,-17551,-3703,11507,8418,-4078,-9052,1542,14760
1752310310707397271,0,-17551,-3703,11507,8418,-4078,-9052,1542,14760
1752310310727308494,0,-17551,-3703,11507,8418,-4078,-9052,1542,14760
1752310310747464105,0,-17551,-3703,11507,8418,-4078,-9052,1542,14760
1752310310767401288,0,-17551,-3703,11507,8418,-4078,-9052,1542,14760
1752310310787342786,0,-17551,-3703,11507,8418,-4078,-9052,1542,14760
1752310310807378093,0,-17551,-3703,11507,8418,-4078,-9052,1542,14760
1752310310827366690,0,-17551,-3703,11507,8418,-4078,-9052,1542,14760
1752310310847418089,0,-17551,-3703,11507,8418,-4078,-9052,1542,14760
1752310310867389808,0,-17551,-3703,11507,8418,-4078,-9052,1542,14760
1752310310887314518,0,-17551,-3703,11507,8418,-4078,-9052,1542,14760
1752310310907379133,0,-17551,-3703,11507,8418,-4078,-9052,1542,14760
1752310310927357722,0,-17551,-3703,11507,8418,-4078,-9052,1542,14760
1752310310947392447,0,-17551,-3703,11507,8418,-4078,-9052,1542,14760
1752310310967363471,0,-17551,-3703,11507,8418,-4078,-9052,1542,14760
1752310310987355352,0,-17551,-3703,11507,8418,-4078,-9052,1542,14760
1752310311007307037,0,-17551,-3703,11507,8418,-4078,-9052,1542,14760
1752310311027223154,0,-17551,-3703,11507,8418,-4078,-9052,1542,14760
1752310311047280596,0,-17551,-3703,11507,8418,-4078,-9052,1542,14760
1752310311067280528,0,-17551,-3703,11507,8418,-4078,-9052,1542,14760
1752310311087424274,0,-17551,-3703,11507,8418,-4078,-9052,1542,14760
1752310311107396132,0,-17551,-3703,11507,8418,-4078,-9052,1542,14760
1752310311127468421,0,-17551,-3703,11507,8418,-4078,-9052,1542,14760
1752310311147326459,0,-17551,-3703,11507,8418,-4078,-9052,1542,14760
1752310311167347136,0,-17551,-3703,11507,8418,-4078,-9052,1542,14760
1752310311187369559,0,-17551,-3703,11507,8418,-4078,-9052,1542,14760
1752310311207341464,0,-17551,-3703,11507,8418,-4078,-9052,1542,14760
1752310311227374945,0,-17551,-3703,11507,8418,-4078,-9052,1542,14760
1752310311247390178,0,-17551,-3703,11507,8418,-4078,-9052,1542,14760
1752310311267393563,0,-17551,-3703,11507,8418,-4078,-9052,1542,14760
1752310311287367137,0,-17551,-3703,11507,8418,-4078,-9052,1542,14760
1752310311307357119,0,-17551,-3703,11507,8418,-4078,-9052,1542,14760
1752310311327377073,0,-17551,-3703,11507,8418,-4078,-9052,1542,14760
1752310311347451757,0,-17551,-3703,11507,8418,-4078,-9052,1542,14760
1752310311367361602,0,-17551,-3703,11507,8418,-4078,-9052,1542,14760
1752310311387304506,0,-17551,-3703,11507,8418,-4078,-9052,1542,14760
1752310311407328487,0,-17551,-3703,11507,8418,-4078,-9052,1542,14760
1752310311427349918,0,-17551,-3703,11507,8418,-4078,-9052,1542,14760
1752310311447289385,0,-17551,-3703,11507,8418,-4078,-9052,1542,14760
1752310311467359808,0,-17551,-3703,11507,8418,-4078,-9052,1542,14760
1752310311487320279,0,-17551,-3703,11507,8418,-4078,-9052,1542,14760
1752310311507297939,0,-17551,-3703,11507,8418,-4078,-9052,1542,14760
1752310311527533626,0,-17551,-3703,11507,8418,-4078,-9052,1542,14760
1752310311547321433,0,-17551,-3703,11507,8418,-4078,-9052,1542,14760
1752310311567377738,0,-17551,-3703,11507,8418,-4078,-9052,1542,14760
1752310311587359027,0,-17551,-3703,11507,8418,-4078,-9052,1542,14760
1752310311607428601,0,-17551,-3703,11507,8418,-4078,-9052,1542,14760
1752310311627429618,0,-17551,-3703,11507,8418,-4078,-9052,1542,14760
1752310311647384959,0,-17551,-3703,11507,8418,-4078,-9052,1542,14760
1752310311667374352,0,-17549,-3703,11507,8420,-4078,-9052,1542,14760
1752310311687358961,0,-17538,-3703,11507,8431,-4078,-9052,1542,14760
1752310311707381030,0,-17523,-3703,11507,8446,-4078,-9052,1542,14760
1752310311727389580,0,-17507,-3703,11507,8462,-4078,-9052,1542,14760
1752310311747385430,0,-17491,-3703,11507,8478,-4078,-9052,1542,14760
1752310311767405229,0,-17475,-3703,11507,8494,-4078,-9052,1542,14760
1752310311787448204,0,-17459,-3703,11507,8510,-4078,-9052,1542,14760
1752310311807496755,0,-17443,-3703,11507,8526,-4078,-9052,1542,14760
1752310311827368263,0,-17427,-3703,11507,8542,-4078,-9052,1542,14760
1752310311847422546,0,-17411,-3703,11507,8558,-4078,-9052,1542,14760
1752310311867395510,0,-17395,-3703,11507,8574,-4078,-9052,1542,14760
1752310311887439589,0,-17379,-3703,11507,8590,-4078,-9052,1542,14760
1752310311907323886,0,-17363,-3703,11507,8606,-4078,-9052,1542,14760
1752310311927380586,0,-17347,-3703,11507,8622,-4078,-9052,1542,14760
1752310311947287229,0,-17331,-3703,11507,8638,-4078,-9052,1542,14760
1752310311967361233,0,-17315,-3703,11507,8654,-4078,-9052,1542,14760
1752310311987280375,0,-17299,-3703,11507,8670,-4078,-9052,1542,14760
1752310312007330006,0,-17283,-3703,11507,8686,-4078,-9052,1542,14760
1752310312027341989,0,-17267,-3703,11507,8702,-4078,-9052,1542,14760
1752310312047357792,0,-17251,-3703,11507,8718,-4078,-9052,1542,14760
1752310312067336944,0,-17235,-3703,11507,8734,-4078,-9052,1542,14760
1752310312087303916,0,-17219,-3703,11507,8750,-4078,-9052,1542,14760
1752310312107368532,0,-17203,-3703,11507,8766,-4078,-9052,1542,14760
1752310312127336832,0,-17187,-3703,11507,8782,-4078,-9052,1542,14760
1752310312147350640,0,-17171,-3703,11507,8798,-4078,-9052,1542,14760
1752310312167313345,0,-17155,-3703,11507,8814,-4078,-9052,1542,14760
1752310312187326950,0,-17139,-3703,11507,8830,-4078,-9052,1542,14760
1752310312207342895,0,-17123,-3703,11507,8846,-4078,-9052,1542,14760
1752310312227409970,0,-17107,-3703,11507,8862,-4078,-9052,1542,14760
1752310312247439766,0,-17091,-3703,11507,8878,-4078,-9052,1542,14760
1752310312267351180,0,-17075,-3703,11507,8894,-4078,-9052,1542,14760
1752310312287387853,0,-17059,-3703,11507,8910,-4078,-9052,1542,14760
1752310312307496120,0,-17043,-3703,11507,8926,-4078,-9052,1542,14760
1752310312327409868,0,-17027,-3703,11507,8942,-4078,-9052,1542,14760
1752310312347381289,0,-17011,-3703,11507,8958,-4078,-9052,1542,14760
1752310312367419340,0,-16995,-3703,11507,8974,-4078,-9052,1542,14760
1752310312387441145,0,-16979,-3703,11507,8990,-4078,-9052,1542,14760
1752310312407464276,0,-16963,-3703,11507,9006,-4078,-9052,1542,14760
1752310312427448723,0,-16947,-3703,11507,9022,-4078,-9052,1542,14760
1752310312447344094,0,-16931,-3703,11507,9038,-4078,-9052,1542,14760
1752310312467230324,0,-16915,-3703,11507,9054,-4078,-9052,1542,14760
1752310312487362333,0,-16899,-3703,11507,9070,-4078,-9052,1542,14760
1752310312507377056,0,-16883,-3703,11507,9086,-4078,-9052,1542,14760
1752310312527464607,0,-16867,-3703,11507,9102,-4078,-9052,1542,14760
1752310312547378961,0,-16851,-3703,11507,9118,-4078,-9052,1542,14760
1752310312567374110,0,-16835,-3703,11507,9134,-4078,-9052,1542,14760
1752310312587366313,0,-16819,-3703,11507,9150,-4078,-9052,1542,14760
1752310312607412922,0,-16803,-3703,11507,9166,-4078,-9052,1542,14760
1752310312627399307,0,-16787,-3703,11507,9182,-4078,-9052,1542,14760
1752310312647368898,0,-16771,-3703,11507,9198,-4078,-9052,1542,14760
1752310312667395994,0,-16755,-3703,11507,9214,-4078,-9052,1542,14760
1752310312687345226,0,-16739,-3703,11507,9230,-4078,-9052,1542,14760
1752310312707379470,0,-16723,-3703,11507,9246,-4078,-9052,1542,14760
1752310312727321427,0,-16707,-3703,11507,9262,-4078,-9052,1542,14760
1752310312747319178,0,-16691,-3703,11507,9278,-4078,-9052,1542,14760
1752310312767329002,0,-16675,-3703,11507,9294,-4078,-9052,1542,14760
1752310312787341669,0,-16659,-3703,11507,9310,-4078,-9052,1542,14760
1752310312807400436,0,-16643,-3703,11507,9326,-4078,-9052,1542,14760
1752310312827301251,0,-16627,-3703,11507,9342,-4078,-9052,1542,14760
1752310312847330798,0,-16611,-3703,11507,9358,-4078,-9052,1542,14760
1752310312867349994,0,-16595,-3703,11507,9374,-4078,-9052,1542,14760
1752310312887495027,0,-16579,-3703,11507,9390,-4078,-9052,1542,14760
1752310312907402927,0,-16563,-3703,11507,9406,-4078,-9052,1542,14760
1752310312927411361,0,-16547,-3703,11507,9422,-4078,-9052,1542,14760
1752310312947368290,0,-16531,-3703,11507,9438,-4078,-9052,1542,14760
1752310312967387826,0,-16515,-3703,11507,9454,-4078,-9052,1542,14760
1752310312987560141,0,-16499,-3703,11507,9470,-4078,-9052,1542,14760
1752310313007382418,0,-16483,-3703,11507,9486,-4078,-9052,1542,14760
1752310313027375466,0,-16467,-3703,11507,9502,-4078,-9052,1542,14760
1752310313047356444,0,-16451,-3703,11507,9518,-4078,-9052,1542,14760
1752310313067252523,0,-16435,-3703,11507,9534,-4078,-9052,1542,14760
1752310313087434115,0,-16419,-3703,11507,9550,-4078,-9052,1542,14760
1752310313107321948,0,-16403,-3703,11507,9566,-4078,-9052,1542,14760
1752310313127362974,0,-16387,-3703,11507,9582,-4078,-9052,1542,14760
1752310313147370946,0,-16371,-3703,11507,9598,-4078,-9052,1542,14760
1752310313167377899,0,-16355,-3703,11507,9614,-4078,-9052,1542,14760
1752310313187335039,0,-16339,-3703,11507,9630,-4078,-9052,1542,14760
1752310313207401711,0,-16323,-3703,11507,9646,-4078,-9052,1542,14760
1752310313227403167,0,-16307,-3703,11507,9662,-4078,-9052,1542,14760
1752310313247491685,0,-16291,-3703,11507,9678,-4078,-9052,1542,14760
1752310313267342939,0,-16275,-3703,11507,9694,-4078,-9052,1542,14760
1752310313287345783,0,-16259,-3703,11507,9710,-4078,-9052,1542,14760
1752310313307291751,0,-16243,-3703,11507,9726,-4078,-9052,1542,14760
1752310313327429341,0,-16227,-3703,11507,9742,-4078,-9052,1542,14760
1752310313347379476,0,-16211,-3703,11507,9758,-4078,-9052,1542,14760
1752310313367383326,0,-16195,-3703,11507,9774,-4078,-9052,1542,14760
1752310313387369454,0,-16179,-3703,11507,9790,-4078,-9052,1542,14760
1752310313407335451,0,-16163,-3703,11507,9806,-4078,-9052,1542,14760
1752310313427360256,0,-16147,-3703,11507,9822,-4078,-9052,1542,14760
1752310313447310862,0,-16131,-3703,11507,9838,-4078,-9052,1542,14760
1752310313467344854,0,-16115,-3703,11507,9854,-4078,-9052,1542,14760
1752310313487390290,0,-16099,-3703,11507,9870,-4078,-9052,1542,14760
1752310313507458685,0,-16083,-3703,11507,9886,-4078,-9052,1542,14760
1752310313527369063,0,-16067,-3703,11507,9902,-4078,-9052,1542,14760
1752310313547376808,0,-16051,-3703,11507,9918,-4078,-9052,1542,14760
1752310313567347270,0,-16035,-3703,11507,9934,-4078,-9052,1542,14760
1752310313587400960,0,-16019,-3703,11507,9950,-4078,-9052,1542,14760
1752310313607361074,0,-16003,-3703,11507,9966,-4078,-9052,1542,14760
1752310313627444405,0,-15987,-3703,11507,9982,-4078,-9052,1542,14760
1752310313647475884,0,-15971,-3703,11507,9998,-4078,-9052,1542,14760
1752310313667393502,0,-15955,-3703,11507,10014,-4078,-9052,1542,14760
1752310313687315500,0,-15939,-3703,11507,10030,-4078,-9052,1542,14760
1752310313707355155,0,-15923,-3703,11507,10046,-4078,-9052,1542,14760
1752310313727319900,0,-15907,-3703,11507,10062,-4078,-9052,1542,14760
1752310313747352476,0,-15891,-3703,11507,10078,-4078,-9052,1542,14760
1752310313767386351,0,-15875,-3703,11507,10094,-4078,-9052,1542,14760
1752310313787365113,0,-15859,-3703,11507,10110,-4078,-9052,1542,14760
1752310313807348707,0,-15843,-3703,11507,10126,-4078,-9052,1542,14760
1752310313827391722,0,-15827,-3703,11507,10142,-4078,-9052,1542,14760
1752310313847376094,0,-15811,-3703,11507,10158,-4078,-9052,1542,14760
1752310313867320421,0,-15795,-3703,11507,10174,-4078,-9052,1542,14760
1752310313887307054,0,-15779,-3703,11507,10190,-4078,-9052,1542,14760
1752310313907379406,0,-15763,-3703,11507,10206,-4078,-9052,1542,14760
1752310313927401362,0,-15747,-3703,11507,10222,-4078,-9052,1542,14760
1752310313947381060,0,-15731,-3703,11507,10238,-4078,-9052,1542,14760
1752310313967341539,0,-15715,-3703,11507,10254,-4078,-9052,1542,14760
1752310313987412730,0,-15699,-3703,11507,10270,-4078,-9052,1542,14760
1752310314007315561,0,-15683,-3703,11507,10286,-4078,-9052,1542,14760
1752310314027308817,0,-15667,-3703,11507,10302,-4078,-9052,1542,14760
1752310314047410018,0,-15651,-3703,11507,10318,-4078,-9052,1542,14760
1752310314067401624,0,-15635,-3703,11507,10334,-4078,-9052,1542,14760
1752310314087375652,0,-15619,-3703,11507,10350,-4078,-9052,1542,14760
1752310314107317094,0,-15603,-3703,11507,10366,-4078,-9052,1542,14760
1752310314127365145,0,-15587,-3703,11507,10382,-4078,-9052,1542,14760
1752310314147358455,0,-15571,-3703,11507,10398,-4078,-9052,1542,14760
1752310314167363662,0,-15555,-3703,11507,10414,-4078,-9052,1542,14760
1752310314187443912,0,-15539,-3703,11507,10430,-4078,-9052,1542,14760
1752310314207448022,0,-15523,-3703,11507,10446,-4078,-9052,1542,14760
1752310314227535495,0,-15507,-3703,11507,10462,-4078,-9052,1542,14760
1752310314247398598,0,-15491,-3703,11507,10478,-4078,-9052,1542,14760
1752310314267334520,0,-15475,-3703,11507,10494,-4078,-9052,1542,14760
1752310314287355538,0,-15459,-3703,11507,10510,-4078,-9052,1542,14760
1752310314307378016,0,-15443,-3703,11507,10526,-4078,-9052,1542,14760
1752310314327379130,0,-15427,-3703,11507,10542,-4078,-9052,1542,14760
1752310314347369732,0,-15411,-3703,11507,10558,-4078,-9052,1542,14760
1752310314367266064,0,-15395,-3703,11507,10574,-4078,-9052,1542,14760
1752310314387320899,0,-15379,-3703,11507,10590,-4078,-9052,1542,14760
1752310314407329991,0,-15363,-3703,11507,10606,-4078,-9052,1542,14760
1752310314427372095,0,-15347,-3703,11507,10622,-4078,-9052,1542,14760
1752310314447357031,0,-15331,-3703,11507,10638,-4078,-9052,1542,14760
1752310314467350501,0,-15315,-3703,11507,10654,-4078,-9052,1542,14760
1752310314487319661,0,-15299,-3703,11507,10670,-4078,-9052,1542,14760
1752310314507434683,0,-15283,-3703,11507,10686,-4078,-9052,1542,14760
1752310314527446599,0,-15267,-3703,11507,10702,-4078,-9052,1542,14760
1752310314547422382,0,-15251,-3703,11507,10718,-4078,-9052,1542,14760
1752310314567405517,0,-15235,-3703,11507,10734,-4078,-9052,1542,14760
1752310314587340760,0,-15219,-3703,11507,10750,-4078,-9052,1542,14760
1752310314607521530,0,-15203,-3703,11507,10766,-4078,-9052,1542,14760
1752310314627427877,0,-15187,-3703,11507,10782,-4078,-9052,1542,14760
1752310314647437646,0,-15171,-3703,11507,10798,-4078,-9052,1542,14760
1752310314667405628,0,-15155,-3703,11507,10814,-4078,-9052,1542,14760
1752310314687330148,0,-15139,-3703,11507,10830,-4078,-9052,1542,14760
1752310314707389692,0,-15123,-3703,11507,10846,-4078,-9052,1542,14760
1752310314727412752,0,-15107,-3703,11507,10862,-4078,-9052,1542,14760
1752310314747376706,0,-15091,-3703,11507,10878,-4078,-9052,1542,14760
1752310314767317001,0,-15075,-3703,11507,10894,-4078,-9052,1542,14760
1752310314787363462,0,-15059,-3703,11507,10910,-4078,-9052,1542,14760
1752310314807367990,0,-15043,-3703,11507,10926,-4078,-9052,1542,14760
1752310314827369083,0,-15027,-3703,11507,10942,-4078,-9052,1542,14760
1752310314847372477,0,-15011,-3703,11507,10958,-4078,-9052,1542,14760
1752310314867317371,0,-14995,-3703,11507,10974,-4078,-9052,1542,14760
1752310314887408448,0,-14979,-3703,11507,10990,-4078,-9052,1542,14760
1752310314907362199,0,-14963,-3703,11507,11006,-4078,-9052,1542,14760
1752310314927340210,0,-14947,-3703,11507,11022,-4078,-9052,1542,14760
1752310314947327823,0,-14931,-3703,11507,11038,-4078,-9052,1542,14760
1752310314967368891,0,-14915,-3703,11507,11054,-4078,-9052,1542,14760
1752310314987361291,0,-14899,-3703,11507,11070,-4078,-9052,1542,14760
1752310315007416267,0,-14883,-3703,11507,11086,-4078,-9052,1542,14760
1752310315027343619,0,-14867,-3703,11507,11102,-4078,-9052,1542,14760
1752310315047329420,0,-14851,-3703,11507,11118,-4078,-9052,1542,14760
1752310315067324051,0,-14835,-3703,11507,11134,-4078,-9052,1542,14760
1752310315087272973,0,-14819,-3703,11507,11150,-4078,-9052,1542,14760
1752310315107296857,0,-14803,-3703,11507,11166,-4078,-9052,1542,14760
1752310315127384027,0,-14787,-3703,11507,11182,-4078,-9052,1542,14760
1752310315147354365,0,-14771,-3703,11507,11198,-4078,-9052,1542,14760
1752310315167331468,0,-14755,-3703,11507,11214,-4078,-9052,1542,14760
1752310315187446530,0,-14739,-3703,11507,11230,-4078,-9052,1542,14760
1752310315207392659,0,-14723,-3703,11507,11246,-4078,-9052,1542,14760
1752310315227362646,0,-14707,-3703,11507,11262,-4078,-9052,1542,14760
1752310315247385611,0,-14691,-3703,11507,11278,-4078,-9052,1542,14760
1752310315267442657,0,-14675,-3703,11507,11294,-4078,-9052,1542,14760
1752310315287357306,0,-14659,-3703,11507,11310,-4078,-9052,1542,14760
1752310315307382525,0,-14643,-3703,11507,11326,-4078,-9052,1542,14760
1752310315327418980,0,-14627,-3703,11507,11342,-4078,-9052,1542,14760
1752310315347309562,0,-14611,-3703,11507,11358,-4078,-9052,1542,14760
1752310315367381273,0,-14595,-3703,11507,11374,-4078,-9052,1542,14760
1752310315387286861,0,-14579,-3703,11507,11390,-4078,-9052,1542,14760
1752310315407382065,0,-14563,-3703,11507,11406,-4078,-9052,1542,14760
1752310315427419951,0,-14547,-3703,11507,11422,-4078,-9052,1542,14760
1752310315447367539,0,-14531,-3703,11507,11438,-4078,-9052,1542,14760
1752310315467317738,0,-14515,-3703,11507,11454,-4078,-9052,1542,14760
1752310315487370757,0,-14499,-3703,11507,11470,-4078,-9052,1542,14760
1752310315507387086,0,-14483,-3703,11507,11486,-4078,-9052,1542,14760
1752310315527389448,0,-14467,-3703,11507,11502,-4078,-9052,1542,14760
1752310315547356851,0,-14451,-3703,11507,11518,-4078,-9052,1542,14760
1752310315567392700,0,-14435,-3703,11507,11534,-4078,-9052,1542,14760
1752310315587349180,0,-14419,-3703,11507,11550,-4078,-9052,1542,14760
1752310315607449871,0,-14403,-3703,11507,11566,-4078,-9052,1542,14760
1752310315627471044,0,-14387,-3703,11507,11582,-4078,-9052,1542,14760
1752310315647410062,0,-14371,-3703,11507,11598,-4078,-9052,1542,14760
1752310315667379199,0,-14355,-3703,11507,11614,-4078,-9052,1542,14760
1752310315687421766,0,-14339,-3703,11507,11630,-4078,-9052,1542,14760
1752310315707439123,0,-14323,-3703,11507,11646,-4078,-9052,1542,14760
1752310315727426174,0,-14307,-3703,11507,11662,-4078,-9052,1542,14760
1752310315747389034,0,-14291,-3703,11507,11678,-4078,-9052,1542,14760
1752310315767437227,0,-14275,-3703,11507,11694,-4078,-9052,1542,14760
1752310315787450996,0,-14259,-3703,11507,11710,-4078,-9052,1542,14760
1752310315807441382,0,-14243,-3703,11507,11726,-4078,-9052,1542,14760
1752310315827400176,0,-14227,-3703,11507,11742,-4078,-9052,1542,14760
1752310315847450557,0,-14211,-3703,11507,11758,-4078,-9052,1542,14760
1752310315867368473,0,-14195,-3703,11507,11774,-4078,-9052,1542,14760
1752310315887315971,0,-14179,-3703,11507,11790,-4078,-9052,1542,14760
1752310315907403072,0,-14163,-3703,11507,11806,-4078,-9052,1542,14760
1752310315927391369,0,-14147,-3703,11507,11822,-4078,-9052,1542,14760
1752310315947445119,0,-14131,-3703,11507,11838,-4078,-9052,1542,14760
1752310315967290769,0,-14115,-3703,11507,11854,-4078,-9052,1542,14760
1752310315987320319,0,-14099,-3703,11507,11870,-4078,-9052,1542,14760
1752310316007372213,0,-14084,-3703,11507,11885,-4078,-9052,1542,14760
1752310316027378789,0,-14077,-3703,11507,11892,-4078,-9052,1542,14760
1752310316047429601,0,-14076,-3703,11507,11893,-4078,-9052,1542,14760
1752310316067349336,0,-14076,-3703,11507,11893,-4078,-9052,1542,14760
1752310316087363975,0,-14076,-3703,11507,11893,-4078,-9052,1542,14760
1752310316107365716,0,-14076,-3703,11507,11893,-4078,-9052,1542,14760
1752310316127479959,0,-14076,-3703,11507,11893,-4078,-9052,1542,14760
1752310316147388739,0,-14076,-3703,11507,11893,-4078,-9052,1542,14760
1752310316167349596,0,-14076,-3703,11507,11893,-4078,-9052,1542,14760
1752310316187321224,0,-14076,-3703,11507,11893,-4078,-9052,1542,14760
1752310316207351647,0,-14076,-3703,11507,11893,-4078,-9052,1542,14760
1752310316227370951,0,-14076,-3703,11507,11893,-4078,-9052,1542,14760
1752310316247371566,0,-14076,-3703,11507,11893,-4078,-9052,1542,14760
1752310316267572511,0,-14076,-3703,11507,11893,-4078,-9052,1542,14760
1752310316287445869,0,-14076,-3703,11507,11893,-4078,-9052,1542,14760
1752310316307387352,0,-14076,-3703,11507,11893,-4078,-9052,1542,14760
1752310316327413723,0,-14076,-3703,11507,11893,-4078,-9052,1542,14760
1752310316347363523,0,-14076,-3703,11507,11893,-4078,-9052,1542,14760
1752310316367352697,0,-14076,-3703,11507,11893,-4078,-9052,1542,14760
1752310316387451970,0,-14076,-3703,11507,11893,-4078,-9052,1542,14760
1752310316407467633,0,-14076,-3703,11507,11893,-4078,-9052,1542,14760
1752310316427403339,0,-14076,-3703,11507,11893,-4078,-9052,1542,14760
1752310316447413316,0,-14076,-3703,11507,11893,-4078,-9052,1542,14760
1752310316467494388,0,-14076,-3703,11507,11893,-4078,-9052,1542,14760
1752310316487424128,0,-14076,-3703,11507,11893,-4078,-9052,1542,14760
1752310316507385550,0,-14076,-3703,11507,11893,-4078,-9052,1542,14760
1752310316527273400,0,-14076,-3703,11507,11893,-4078,-9052,1542,14760
1752310316547332095,0,-14076,-3703,11507,11893,-4078,-9052,1542,14760
1752310316567384304,0,-14076,-3703,11507,11893,-4078,-9052,1542,14760
1752310316587393237,0,-14076,-3703,11507,11893,-4078,-9052,1542,14760
1752310316607363755,0,-14076,-3703,11507,11893,-4078,-9052,1542,14760
1752310316627515277,0,-14076,-3703,11507,11893,-4078,-9052,1542,14760
1752310316647394860,0,-14076,-3703,11507,11893,-4078,-9052,1542,14760
1752310316667390824,0,-14076,-3703,11507,11893,-4078,-9052,1542,14760
1752310316687359648,0,-14076,-3703,11507,11893,-4078,-9052,1542,14760
1752310316707412941,0,-14076,-3703,11507,11893,-4078,-9052,1542,14760
1752310316727385518,0,-14076,-3703,11507,11893,-4078,-9052,1542,14760
1752310316747408369,0,-14076,-3703,11507,11893,-4078,-9052,1542,14760
1752310316767400143,0,-14076,-3703,11507,11893,-4078,-9052,1542,14760
1752310316787406165,0,-14076,-3703,11507,11893,-4078,-9052,1542,14760
1752310316807416356,0,-14076,-3703,11507,11893,-4078,-9052,1542,14760
1752310316827363357,0,-14076,-3703,11507,11893,-4078,-9052,1542,14760
1752310316847391446,0,-14076,-3703,11507,11893,-4078,-9052,1542,14760
1752310316867308655,0,-14076,-3703,11507,11893,-4078,-9052,1542,14760
1752310316887483789,0,-14076,-3703,11507,11893,-4078,-9052,1542,14760
1752310316907392138,0,-14076,-3703,11507,11893,-4078,-9052,1542,14760
1752310316927456705,0,-14076,-3703,11507,11893,-4078,-9052,1542,14760
1752310316947357738,0,-14076,-3703,11507,11893,-4078,-9052,1542,14760
1752310316967408871,0,-14076,-3703,11507,11893,-4078,-9052,1542,14760
1752310316987440038,0,-14076,-3703,11507,11893,-4078,-9052,1542,14760
1752310317007442823,0,-14076,-3703,11507,11893,-4078,-9052,1542,14760
1752310317027404632,0,-14076,-3703,11507,11893,-4078,-9052,1542,14760
1752310317047349854,0,-14076,-3703,11507,11893,-4078,-9052,1542,14760
1752310317067334693,0,-14076,-3703,11507,11893,-4078,-9052,1542,14760
1752310317087353736,0,-14076,-3703,11507,11893,-4078,-9052,1542,14760
1752310317107298424,0,-14076,-3703,11507,11893,-4078,-9052,1542,14760
1752310317127233879,0,-14076,-3703,11507,11893,-4078,-9052,1542,14760
1752310317147342068,0,-14076,-3703,11507,11893,-4078,-9052,1542,14760
1752310317167421779,0,-14076,-3703,11507,11893,-4078,-9052,1542,14760
1752310317187314666,0,-14076,-3703,11507,11893,-4078,-9052,1542,14760
1752310317207461080,0,-14076,-3703,11507,11893,-4078,-9052,1542,14760
1752310317227522964,0,-14076,-3703,11507,11893,-4078,-9052,1542,14760
1752310317247453748,0,-14076,-3703,11507,11893,-4078,-9052,1542,14760
1752310317267383285,0,-14076,-3703,11507,11893,-4078,-9052,1542,14760
1752310317287343887,0,-14076,-3703,11507,11893,-4078,-9052,1542,14760
1752310317307471897,0,-14076,-3703,11507,11893,-4078,-9052,1542,14760
1752310317327393894,0,-14076,-3703,11507,11893,-4078,-9052,1542,14760
1752310317347360232,0,-14076,-3703,11507,11893,-4078,-9052,1542,14760
1752310317367319301,0,-14076,-3703,11507,11893,-4078,-9052,1542,14760
1752310317387375756,0,-14076,-3703,11507,11893,-4078,-9052,1542,14760
1752310317407312835,0,-14076,-3703,11507,11893,-4078,-9052,1542,14760
1752310317427380316,0,-14076,-3703,11507,11893,-4078,-9052,1542,14760
1752310317447445021,0,-14076,-3703,11507,11893,-4078,-9052,1542,14760
1752310317467347218,0,-14076,-3703,11507,11893,-4078,-9052,1542,14760
1752310317487468291,0,-14076,-3703,11507,11893,-4078,-9052,1542,14760
1752310317507441581,0,-14076,-3703,11507,11893,-4078,-9052,1542,14760
1752310317527454413,0,-14076,-3703,11507,11893,-4078,-9052,1542,14760
1752310317547423660,0,-14076,-3703,11507,11893,-4078,-9052,1542,14760
1752310317567453242,0,-14076,-3703,11507,11893,-4078,-9052,1542,14760
1752310317587412438,0,-14076,-3703,11507,11893,-4078,-9052,1542,14760
1752310317607494585,0,-14076,-3703,11507,11893,-4078,-9052,1542,14760
1752310317627379089,0,-14076,-3703,11507,11893,-4078,-9052,1542,14760
1752310317647364871,0,-14076,-3703,11507,11893,-4078,-9052,1542,14760
1752310317667388914,0,-14076,-3703,11507,11893,-4078,-9052,1542,14760
1752310317687422582,0,-14076,-3703,11507,11893,-4078,-9052,1542,14760
1752310317707425553,0,-14076,-3703,11507,11893,-4078,-9052,1542,14760
1752310317727345813,0,-14076,-3703,11507,11893,-4078,-9052,1542,14760
1752310317747388654,0,-14076,-3703,11507,11893,-4078,-9052,1542,14760
1752310317767377835,0,-14076,-3703,11507,11893,-4078,-9052,1542,14760
1752310317787395922,0,-14076,-3703,11507,11893,-4078,-9052,1542,14760
1752310317807283499,0,-14076,-3703,11507,11893,-4078,-9052,1542,14760
1752310317827488929,0,-14076,-3703,11507,11893,-4078,-9052,1542,14760
1752310317847522275,0,-14076,-3703,11507,11893,-4078,-9052,1542,14760
1752310317867449849,0,-14076,-3703,11507,11893,-4078,-9052,1542,14760
1752310317887463821,0,-14076,-3703,11507,11893,-4078,-9052,1542,14760
1752310317907441223,0,-14076,-3703,11507,11893,-4078,-9052,1542,14760
1752310317927352981,0,-14076,-3703,11507,11893,-4078,-9052,1542,14760
1752310317947294556,0,-14076,-3703,11507,11893,-4078,-9052,1542,14760
1752310317967376994,0,-14076,-3703,11507,11893,-4078,-9052,1542,14760
1752310317987565010,0,-14076,-3703,11507,11893,-4078,-9052,1542,14760
1752310318007310796,0,-14076,-3703,11507,11893,-4078,-9052,1542,14760
1752310318027402998,0,-14076,-3703,11507,11893,-4078,-9052,1542,14760
1752310318047341297,0,-14076,-3703,11507,11893,-4078,-9052,1542,14760
1752310318067484029,0,-14076,-3703,11507,11893,-4078,-9052,1542,14760
1752310318087392935,0,-14076,-3703,11507,11893,-4078,-9052,1542,14760
1752310318107423083,0,-14076,-3703,11507,11893,-4078,-9052,1542,14760
1752310318127445707,0,-14076,-3703,11507,11893,-4078,-9052,1542,14760
1752310318147379770,0,-14076,-3703,11507,11893,-4078,-9052,1542,14760
1752310318167446467,0,-14076,-3703,11507,11893,-4078,-9052,1542,14760
1752310318187405524,0,-14076,-3703,11507,11893,-4078,-9052,1542,14760
1752310318207363690,0,-14076,-3703,11507,11893,-4078,-9052,1542,14760
1752310318227370679,0,-14076,-3703,11507,11893,-4078,-9052,1542,14760
1752310318247425628,0,-14076,-3703,11507,11893,-4078,-9052,1542,14760
1752310318267356781,0,-14076,-3703,11507,11893,-4078,-9052,1542,14760
1752310318287329776,0,-14076,-3703,11507,11893,-4078,-9052,1542,14760
1752310318307421384,0,-14076,-3703,11507,11893,-4078,-9052,1542,14760
1752310318327332745,0,-14076,-3703,11507,11893,-4078,-9052,1542,14760
1752310318347321220,0,-14076,-3703,11507,11893,-4078,-9052,1542,14760
1752310318367406902,0,-14076,-3703,11507,11893,-4078,-9052,1542,14760
1752310318387402120,0,-14076,-3703,11507,11893,-4078,-9052,1542,14760
1752310318407330649,0,-14076,-3703,11507,11893,-4078,-9052,1542,14760
1752310318427455172,0,-14076,-3703,11507,11893,-4078,-9052,1542,14760
1752310318447463969,0,-14076,-3703,11507,11893,-4078,-9052,1542,14760
1752310318467394539,0,-14076,-3703,11507,11893,-4078,-9052,1542,14760
1752310318487311194,0,-14076,-3703,11507,11893,-4078,-9052,1542,14760
1752310318507517178,0,-14076,-3703,11507,11893,-4078,-9052,1542,14760
1752310318527413569,0,-14076,-3703,11507,11893,-4078,-9052,1542,14760
1752310318547328259,0,-14076,-3703,11507,11893,-4078,-9052,1542,14760
1752310318567451843,0,-14076,-3703,11507,11893,-4078,-9052,1542,14760
1752310318587449753,0,-14076,-3703,11507,11893,-4078,-9052,1542,14760
1752310318607496836,0,-14076,-3703,11507,11893,-4078,-9052,1542,14760
1752310318627603020,0,-14076,-3703,11507,11893,-4078,-9052,1542,14760
1752310318647394582,0,-14076,-3703,11507,11893,-4078,-9052,1542,14760
1752310318667310105,0,-14076,-3703,11507,11893,-4078,-9052,1542,14760
1752310318687354203,0,-14076,-3703,11507,11893,-4078,-9052,1542,14760
1752310318707312901,0,-14076,-3703,11507,11893,-4078,-9052,1542,14760
1752310318727432047,0,-14076,-3703,11507,11893,-4078,-9052,1542,14760
1752310318747445320,0,-14076,-3703,11507,11893,-4078,-9052,1542,14760
1752310318767468292,0,-14076,-3703,11507,11893,-4078,-9052,1542,14760
1752310318787400845,0,-14076,-3703,11507,11893,-4078,-9052,1542,14760
1752310318807379902,0,-14076,-3703,11507,11893,-4078,-9052,1542,14760
1752310318827299090,0,-14076,-3703,11507,11893,-4078,-9052,1542,14760
1752310318847432210,0,-14076,-3703,11507,11893,-4078,-9052,1542,14760
1752310318867400037,0,-14076,-3703,11507,11893,-4078,-9052,1542,14760
1752310318887370470,0,-14076,-3703,11507,11893,-4078,-9052,1542,14760
1752310318907383123,0,-14076,-3703,11507,11893,-4078,-9052,1542,14760
1752310318927367648,0,-14076,-3703,11507,11893,-4078,-9052,1542,14760
1752310318947361663,0,-14076,-3703,11507,11893,-4078,-9052,1542,14760
1752310318967363668,0,-14076,-3703,11507,11893,-4078,-9052,1542,14760
1752310318987358406,0,-14076,-3703,11507,11893,-4078,-9052,1542,14760
1752310319007389734,0,-14076,-3703,11507,11893,-4078,-9052,1542,14760
1752310319027449657,0,-14076,-3703,11507,11893,-4078,-9052,1542,14760
1752310319047419106,0,-14076,-3703,11507,11893,-4078,-9052,1542,14760
1752310319067341016,0,-14076,-3703,11507,11893,-4078,-9052,1542,14760
1752310319087356670,0,-14076,-3703,11507,11893,-4078,-9052,1542,14760
1752310319107370560,0,-14076,-3703,11507,11893,-4078,-9052,1542,14760
1752310319127437604,0,-14076,-3703,11507,11893,-4078,-9052,1542,14760
1752310319147305497,0,-14076,-3703,11507,11893,-4078,-9052,1542,14760
1752310319167214729,0,-14076,-3703,11507,11893,-4078,-9052,1542,14760
1752310319187360455,0,-14076,-3703,11507,11893,-4078,-9052,1542,14760
1752310319207360532,0,-14076,-3703,11507,11893,-4078,-9052,1542,14760
1752310319227340772,0,-14076,-3703,11507,11893,-4078,-9052,1542,14760
1752310319247278899,0,-14076,-3703,11507,11893,-4078,-9052,1542,14760
1752310319267535986,0,-14076,-3703,11507,11893,-4078,-9052,1542,14760
1752310319287459416,0,-14076,-3703,11507,11893,-4078,-9052,1542,14760
1752310319307342111,0,-14076,-3703,11507,11893,-4078,-9052,1542,14760
1752310319327437184,0,-14076,-3703,11507,11893,-4078,-9052,1542,14760
1752310319347533649,0,-14076,-3703,11507,11893,-4078,-9052,1542,14760
1752310319367439694,0,-14076,-3703,11507,11893,-4078,-9052,1542,14760
1752310319387396385,0,-14076,-3703,11507,11893,-4078,-9052,1542,14760
1752310319407411970,0,-14076,-3703,11507,11893,-4078,-9052,1542,14760
1752310319427447551,0,-14076,-3703,11507,11893,-4078,-9052,1542,14760
1752310319447573712,0,-14076,-3703,11507,11893,-4078,-9052,1542,14760
1752310319467329881,0,-14076,-3703,11507,11893,-4078,-9052,1542,14760
1752310319487420155,0,-14076,-3703,11507,11893,-4078,-9052,1542,14760
1752310319507384378,0,-14076,-3703,11507,11893,-4078,-9052,1542,14760
1752310319527374026,0,-14076,-3703,11507,11893,-4078,-9052,1542,14760
1752310319547381297,0,-14076,-3703,11507,11893,-4078,-9052,1542,14760
1752310319567340368,0,-14076,-3703,11507,11893,-4078,-9052,1542,14760
1752310319587325545,0,-14076,-3703,11507,11893,-4078,-9052,1542,14760
1752310319607325435,0,-14076,-3703,11507,11893,-4078,-9052,1542,14760
1752310319627305525,0,-14076,-3703,11507,11893,-4078,-9052,1542,14760
1752310319647328039,0,-14076,-3703,11507,11893,-4078,-9052,1542,14760
1752310319667331353,0,-14076,-3703,11507,11893,-4078,-9052,1542,14760
1752310319687330821,0,-14076,-3703,11507,11893,-4078,-9052,1542,14760
1752310319707250256,0,-14076,-3703,11507,11893,-4078,-9052,1542,14760
1752310319727254571,0,-14076,-3703,11507,11893,-4078,-9052,1542,14760
1752310319747261871,0,-14076,-3703,11507,11893,-4078,-9052,1542,14760
1752310319767307625,0,-14076,-3703,11507,11893,-4078,-9052,1542,14760
1752310319787325642,0,-14076,-3703,11507,11893,-4078,-9052,1542,14760
1752310319807349139,0,-14076,-3703,11507,11893,-4078,-9052,1542,14760
1752310319827314884,0,-14076,-3703,11507,11893,-4078,-9052,1542,14760
1752310319847388456,0,-14076,-3703,11507,11893,-4078,-9052,1542,14760
1752310319867314984,0,-14076,-3703,11507,11893,-4078,-9052,1542,14760
1752310319887283948,0,-14076,-3703,11507,11893,-4078,-9052,1542,14760
1752310319907292927,0,-14076,-3703,11507,11893,-4078,-9052,1542,14760
1752310319927353192,0,-14076,-3703,11507,11893,-4078,-9052,1542,14760
1752310319947350379,0,-14076,-3703,11507,11893,-4078,-9052,1542,14760
1752310319967298259,0,-14076,-3703,11507,11893,-4078,-9052,1542,14760
1752310319987363568,0,-14076,-3703,11507,11893,-4078,-9052,1542,14760
1752310320007331370,0,-14076,-3703,11507,11893,-4078,-9052,1542,14760
1752310320027330525,0,-14076,-3703,11507,11893,-4078,-9052,1542,14760
1752310320047295914,0,-14076,-3703,11507,11893,-4078,-9052,1542,14760
1752310320067296493,0,-14076,-3703,11507,11893,-4078,-9052,1542,14760
1752310320087327773,0,-14076,-3703,11507,11893,-4078,-9052,1542,14760
1752310320107392662,0,-14076,-3703,11507,11893,-4078,-9052,1542,14760
1752310320127286164,0,-14076,-3703,11507,11893,-4078,-9052,1542,14760
1752310320147477860,0,-14076,-3703,11507,11893,-4078,-9052,1542,14760
1752310320167363416,0,-14076,-3703,11507,11893,-4078,-9052,1542,14760
1752310320187384923,0,-14076,-3703,11507,11893,-4078,-9052,1542,14760
1752310320207445438,0,-14076,-3703,11507,11893,-4078,-9052,1542,14760
1752310320227495650,0,-14076,-3703,11507,11893,-4078,-9052,1542,14760
1752310320247587843,0,-14076,-3703,11507,11893,-4078,-9052,1542,14760
1752310320267399390,0,-14076,-3703,11507,11893,-4078,-9052,1542,14760
1752310320287374311,0,-14076,-3703,11507,11893,-4078,-9052,1542,14760
1752310320307379553,0,-14076,-3703,11507,11893,-4078,-9052,1542,14760
1752310320327324833,0,-14076,-3703,11507,11893,-4078,-9052,1542,14760
1752310320347296254,0,-14076,-3703,11507,11893,-4078,-9052,1542,14760
1752310320367281294,0,-14076,-3703,11507,11893,-4078,-9052,1542,14760
1752310320387356617,0,-14076,-3703,11507,11893,-4078,-9052,1542,14760
1752310320407294779,0,-14076,-3703,11507,11893,-4078,-9052,1542,14760
1752310320427391356,0,-14076,-3703,11507,11893,-4078,-9052,1542,14760
1752310320447344784,0,-14076,-3703,11507,11893,-4078,-9052,1542,14760
1752310320467361090,0,-14076,-3703,11507,11893,-4078,-9052,1542,14760
1752310320487398668,0,-14076,-3703,11507,11893,-4078,-9052,1542,14760
1752310320507341372,0,-14076,-3703,11507,11893,-4078,-9052,1542,14760
1752310320527335006,0,-14076,-3703,11507,11893,-4078,-9052,1542,14760
1752310320547509377,0,-14076,-3703,11507,11893,-4078,-9052,1542,14760
1752310320567211241,0,-14076,-3703,11507,11893,-4078,-9052,1542,14760
1752310320587289319,0,-14076,-3703,11507,11893,-4078,-9052,1542,14760
1752310320607365409,0,-14076,-3703,11507,11893,-4078,-9052,1542,14760
1752310320627471067,0,-14077,-3703,11507,11892,-4078,-9052,1542,14760
1752310320647295310,0,-14085,-3703,11507,11884,-4078,-9052,1542,14760
1752310320667238096,0,-14098,-3703,11507,11871,-4078,-9052,1542,14760
1752310320687260817,0,-14114,-3703,11507,11855,-4078,-9052,1542,14760
1752310320707307525,0,-14130,-3703,11507,11839,-4078,-9052,1542,14760
1752310320727377010,0,-14146,-3703,11507,11823,-4078,-9052,1542,14760
1752310320747321264,0,-14162,-3703,11507,11807,-4078,-9052,1542,14760
1752310320767407750,0,-14178,-3703,11507,11791,-4078,-9052,1542,14760
1752310320787373015,0,-14194,-3703,11507,11775,-4078,-9052,1542,14760
1752310320807369096,0,-14210,-3703,11507,11759,-4078,-9052,1542,14760
1752310320827456940,0,-14226,-3703,11507,11743,-4078,-9052,1542,14760
1752310320847405349,0,-14242,-3703,11507,11727,-4078,-9052,1542,14760
1752310320867405878,0,-14258,-3703,11507,11711,-4078,-9052,1542,14760
1752310320887325154,0,-14274,-3703,11507,11695,-4078,-9052,1542,14760
1752310320907347289,0,-14290,-3703,11507,11679,-4078,-9052,1542,14760
1752310320927371497,0,-14306,-3703,11507,11663,-4078,-9052,1542,14760
1752310320947330606,0,-14322,-3703,11507,11647,-4078,-9052,1542,14760
1752310320967433595,0,-14338,-3703,11507,11631,-4078,-9052,1542,14760
1752310320987501039,0,-14354,-3703,11507,11615,-4078,-9052,1542,14760
1752310321007353341,0,-14370,-3703,11507,11599,-4078,-9052,1542,14760
1752310321027365063,0,-14386,-3703,11507,11583,-4078,-9052,1542,14760
1752310321047427979,0,-14402,-3703,11507,11567,-4078,-9052,1542,14760
1752310321067452187,0,-14418,-3703,11507,11551,-4078,-9052,1542,14760
1752310321087448610,0,-14434,-3703,11507,11535,-4078,-9052,1542,14760
1752310321107369881,0,-14450,-3703,11507,11519,-4078,-9052,1542,14760
1752310321127417568,0,-14466,-3703,11507,11503,-4078,-9052,1542,14760
1752310321147451577,0,-14482,-3703,11507,11487,-4078,-9052,1542,14760
1752310321167420735,0,-14498,-3703,11507,11471,-4078,-9052,1542,14760
1752310321187345179,0,-14514,-3703,11507,11455,-4078,-9052,1542,14760
1752310321207343699,0,-14530,-3703,11507,11439,-4078,-9052,1542,14760
1752310321227387819,0,-14546,-3703,11507,11423,-4078,-9052,1542,14760
1752310321247314349,0,-14562,-3703,11507,11407,-4078,-9052,1542,14760
1752310321267379436,0,-14578,-3703,11507,11391,-4078,-9052,1542,14760
1752310321287310231,0,-14594,-3703,11507,11375,-4078,-9052,1542,14760
1752310321307433455,0,-14610,-3703,11507,11359,-4078,-9052,1542,14760
1752310321327424732,0,-14626,-3703,11507,11343,-4078,-9052,1542,14760
1752310321347432231,0,-14642,-3703,11507,11327,-4078,-9052,1542,14760
1752310321367300708,0,-14658,-3703,11507,11311,-4078,-9052,1542,14760
1752310321387286401,0,-14674,-3703,11507,11295,-4078,-9052,1542,14760
1752310321407349511,0,-14690,-3703,11507,11279,-4078,-9052,1542,14760
1752310321427292502,0,-14706,-3703,11507,11263,-4078,-9052,1542,14760
1752310321447363020,0,-14722,-3703,11507,11247,-4078,-9052,1542,14760
1752310321467411637,0,-14738,-3703,11507,11231,-4078,-9052,1542,14760
1752310321487343385,0,-14754,-3703,11507,11215,-4078,-9052,1542,14760
1752310321507368089,0,-14770,-3703,11507,11199,-4078,-9052,1542,14760
1752310321527465504,0,-14786,-3703,11507,11183,-4078,-9052,1542,14760
1752310321547353685,0,-14802,-3703,11507,11167,-4078,-9052,1542,14760
1752310321567362021,0,-14818,-3703,11507,11151,-4078,-9052,1542,14760
1752310321587398402,0,-14834,-3703,11507,11135,-4078,-9052,1542,14760
1752310321607366918,0,-14850,-3703,11507,11119,-4078,-9052,1542,14760
1752310321627378680,0,-14866,-3703,11507,11103,-4078,-9052,1542,14760
1752310321647484406,0,-14882,-3703,11507,11087,-4078,-9052,1542,14760
1752310321667404273,0,-14898,-3703,11507,11071,-4078,-9052,1542,14760
1752310321687368829,0,-14914,-3703,11507,11055,-4078,-9052,1542,14760
1752310321707301427,0,-14930,-3703,11507,11039,-4078,-9052,1542,14760
1752310321727295295,0,-14946,-3703,11507,11023,-4078,-9052,1542,14760
1752310321747327756,0,-14962,-3703,11507,11007,-4078,-9052,1542,14760
1752310321767356456,0,-14978,-3703,11507,10991,-4078,-9052,1542,14760
1752310321787448992,0,-14994,-3703,11507,10975,-4078,-9052,1542,14760
1752310321807518961,0,-15010,-3703,11507,10959,-4078,-9052,1542,14760
1752310321827307293,0,-15026,-3703,11507,10943,-4078,-9052,1542,14760
1752310321847390500,0,-15042,-3703,11507,10927,-4078,-9052,1542,14760
1752310321867333840,0,-15058,-3703,11507,10911,-4078,-9052,1542,14760
1752310321887315092,0,-15074,-3703,11507,10895,-4078,-9052,1542,14760
1752310321907272255,0,-15090,-3703,11507,10879,-4078,-9052,1542,14760
1752310321927293917,0,-15106,-3703,11507,10863,-4078,-9052,1542,14760
1752310321947304081,0,-15122,-3703,11507,10847,-4078,-9052,1542,14760
1752310321967422683,0,-15138,-3703,11507,10831,-4078,-9052,1542,14760
1752310321987345919,0,-15154,-3703,11507,10815,-4078,-9052,1542,14760
1752310322007491444,0,-15170,-3703,11507,10799,-4078,-9052,1542,14760
1752310322027502851,0,-15186,-3703,11507,10783,-4078,-9052,1542,14760
1752310322047332051,0,-15202,-3703,11507,10767,-4078,-9052,1542,14760
1752310322067440473,0,-15218,-3703,11507,10751,-4078,-9052,1542,14760
1752310322087284144,0,-15234,-3703,11507,10735,-4078,-9052,1542,14760
1752310322107251553,0,-15250,-3703,11507,10719,-4078,-9052,1542,14760
1752310322127307097,0,-15266,-3703,11507,10703,-4078,-9052,1542,14760
1752310322147415458,0,-15282,-3703,11507,10687,-4078,-9052,1542,14760
1752310322167420328,0,-15298,-3703,11507,10671,-4078,-9052,1542,14760
1752310322187426334,0,-15314,-3703,11507,10655,-4078,-9052,1542,14760
1752310322207339977,0,-15330,-3703,11507,10639,-4078,-9052,1542,14760
1752310322227363362,0,-15346,-3703,11507,10623,-4078,-9052,1542,14760
1752310322247292593,0,-15362,-3703,11507,10607,-4078,-9052,1542,14760
1752310322267399694,0,-15378,-3703,11507,10591,-4078,-9052,1542,14760
1752310322287340204,0,-15394,-3703,11507,10575,-4078,-9052,1542,14760
1752310322307370127,0,-15410,-3703,11507,10559,-4078,-9052,1542,14760
1752310322327291525,0,-15426,-3703,11507,10543,-4078,-9052,1542,14760
1752310322347353416,0,-15442,-3703,11507,10527,-4078,-9052,1542,14760
1752310322367319048,0,-15458,-3703,11507,10511,-4078,-9052,1542,14760
1752310322387260989,0,-15474,-3703,11507,10495,-4078,-9052,1542,14760
1752310322407328108,0,-15490,-3703,11507,10479,-4078,-9052,1542,14760
1752310322427296400,0,-15506,-3703,11507,10463,-4078,-9052,1542,14760
1752310322447373493,0,-15522,-3703,11507,10447,-4078,-9052,1542,14760
1752310322467425540,0,-15538,-3703,11507,10431,-4078,-9052,1542,14760
1752310322487311942,0,-15554,-3703,11507,10415,-4078,-9052,1542,14760
1752310322507388203,0,-15570,-3703,11507,10399,-4078,-9052,1542,14760
1752310322527387347,0,-15586,-3703,11507,10383,-4078,-9052,1542,14760
1752310322547341769,0,-15602,-3703,11507,10367,-4078,-9052,1542,14760
1752310322567404523,0,-15618,-3703,11507,10351,-4078,-9052,1542,14760
1752310322587384015,0,-15634,-3703,11507,10335,-4078,-9052,1542,14760
1752310322607285117,0,-15650,-3703,11507,10319,-4078,-9052,1542,14760
1752310322627438211,0,-15666,-3703,11507,10303,-4078,-9052,1542,14760
1752310322647372047,0,-15682,-3703,11507,10287,-4078,-9052,1542,14760
1752310322667340972,0,-15698,-3703,11507,10271,-4078,-9052,1542,14760
1752310322687391383,0,-15714,-3703,11507,10255,-4078,-9052,1542,14760
1752310322707497971,0,-15730,-3703,11507,10239,-4078,-9052,1542,14760
1752310322727303147,0,-15746,-3703,11507,10223,-4078,-9052,1542,14760
1752310322747348402,0,-15762,-3703,11507,10207,-4078,-9052,1542,14760
1752310322767330171,0,-15778,-3703,11507,10191,-4078,-9052,1542,14760
1752310322787279514,0,-15794,-3703,11507,10175,-4078,-9052,1542,14760
1752310322807368415,0,-15810,-3703,11507,10159,-4078,-9052,1542,14760
1752310322827374646,0,-15826,-3703,11507,10143,-4078,-9052,1542,14760
1752310322847353537,0,-15842,-3703,11507,10127,-4078,-9052,1542,14760
1752310322867319915,0,-15858,-3703,11507,10111,-4078,-9052,1542,14760
1752310322887306185,0,-15874,-3703,11507,10095,-4078,-9052,1542,14760
1752310322907390900,0,-15890,-3703,11507,10079,-4078,-9052,1542,14760
1752310322927342276,0,-15906,-3703,11507,10063,-4078,-9052,1542,14760
1752310322947347615,0,-15922,-3703,11507,10047,-4078,-9052,1542,14760
1752310322967408310,0,-15938,-3703,11507,10031,-4078,-9052,1542,14760
1752310322987335930,0,-15954,-3703,11507,10015,-4078,-9052,1542,14760
1752310323007305053,0,-15970,-3703,11507,9999,-4078,-9052,1542,14760
1752310323027299490,0,-15986,-3703,11507,9983,-4078,-9052,1542,14760
1752310323047375213,0,-16002,-3703,11507,9967,-4078,-9052,1542,14760
1752310323067291105,0,-16018,-3703,11507,9951,-4078,-9052,1542,14760
1752310323087366029,0,-16034,-3703,11507,9935,-4078,-9052,1542,14760
1752310323107550724,0,-16050,-3703,11507,9919,-4078,-9052,1542,14760
1752310323127514318,0,-16066,-3703,11507,9903,-4078,-9052,1542,14760
1752310323147308940,0,-16082,-3703,11507,9887,-4078,-9052,1542,14760
1752310323167288964,0,-16098,-3703,11507,9871,-4078,-9052,1542,14760
1752310323187336289,0,-16114,-3703,11507,9855,-4078,-9052,1542,14760
1752310323207393085,0,-16125,-3703,11507,9844,-4078,-9052,1542,14760
1752310323227280561,0,-16130,-3703,11507,9839,-4078,-9052,1542,14760
1752310323247346948,0,-16130,-3703,11507,9839,-4078,-9052,1542,14760
1752310323267320186,0,-16130,-3703,11507,9839,-4078,-9052,1542,14760
1752310323287452814,0,-16130,-3703,11507,9839,-4078,-9052,1542,14760
1752310323307355468,0,-16130,-3703,11507,9839,-4078,-9052,1542,14760
1752310323327353865,0,-16130,-3703,11507,9839,-4078,-9052,1542,14760
1752310323347376000,0,-16130,-3703,11507,9839,-4078,-9052,1542,14760
1752310323367434914,0,-16130,-3703,11507,9839,-4078,-9052,1542,14760
1752310323387371479,0,-16130,-3703,11507,9839,-4078,-9052,1542,14760
1752310323407340617,0,-16130,-3703,11507,9839,-4078,-9052,1542,14760
1752310323427349808,0,-16130,-3703,11507,9839,-4078,-9052,1542,14760
1752310323447313556,0,-16130,-3703,11507,9839,-4078,-9052,1542,14760
1752310323467417359,0,-16130,-3703,11507,9839,-4078,-9052,1542,14760
1752310323487378117,0,-16130,-3703,11507,9839,-4078,-9052,1542,14760
1752310323507327440,0,-16130,-3703,11507,9839,-4078,-9052,1542,14760
1752310323527450541,0,-16130,-3703,11507,9839,-4078,-9052,1542,14760
1752310323547463617,0,-16130,-3703,11507,9839,-4078,-9052,1542,14760
1752310323567367971,0,-16130,-3703,11507,9839,-4078,-9052,1542,14760
1752310323587294851,0,-16130,-3703,11507,9839,-4078,-9052,1542,14760
1752310323607304087,0,-16130,-3703,11507,9839,-4078,-9052,1542,14760
1752310323627275972,0,-16130,-3703,11507,9839,-4078,-9052,1542,14760
1752310323647347083,0,-16130,-3703,11507,9839,-4078,-9052,1542,14760
1752310323667336450,0,-16130,-3703,11507,9839,-4078,-9052,1542,14760
1752310323687532648,0,-16130,-3703,11507,9839,-4078,-9052,1542,14760
1752310323707294654,0,-16130,-3703,11507,9839,-4078,-9052,1542,14760
1752310323727300168,0,-16130,-3703,11507,9839,-4078,-9052,1542,14760
1752310323747249651,0,-16130,-3703,11507,9839,-4078,-9052,1542,14760
1752310323767346443,0,-16130,-3703,11507,9839,-4078,-9052,1542,14760
1752310323787281732,0,-16130,-3703,11507,9839,-4078,-9052,1542,14760
1752310323807326529,0,-16130,-3703,11507,9839,-4078,-9052,1542,14760
1752310323827251631,0,-16130,-3703,11507,9839,-4078,-9052,1542,14760
1752310323847331114,0,-16130,-3703,11507,9839,-4078,-9052,1542,14760
1752310323867465353,0,-16130,-3703,11507,9839,-4078,-9052,1542,14760
1752310323887470636,0,-16130,-3703,11507,9839,-4078,-9052,1542,14760
1752310323907422932,0,-16130,-3703,11507,9839,-4078,-9052,1542,14760
1752310323927319868,0,-16129,-3703,11507,9840,-4078,-9052,1542,14760
1752310323947428649,0,-16120,-3703,11507,9849,-4078,-9052,1542,14760
1752310323967359122,0,-16105,-3703,11507,9864,-4078,-9052,1542,14760
1752310323987322472,0,-16089,-3703,11507,9880,-4078,-9052,1542,14760
1752310324007351523,0,-16073,-3703,11507,9896,-4078,-9052,1542,14760
1752310324027365141,0,-16057,-3703,11507,9912,-4078,-9052,1542,14760
1752310324047334912,0,-16050,-3703,11507,9919,-4078,-9052,1542,14760
1752310324067319893,0,-16050,-3703,11507,9919,-4078,-9052,1542,14760
1752310324087384058,0,-16050,-3703,11507,9919,-4078,-9052,1542,14760
1752310324107383490,0,-16050,-3703,11507,9919,-4078,-9052,1542,14760
1752310324127391052,0,-16050,-3703,11507,9919,-4078,-9052,1542,14760
1752310324147362504,0,-16050,-3703,11507,9919,-4078,-9052,1542,14760
1752310324167363367,0,-16050,-3703,11507,9919,-4078,-9052,1542,14760
1752310324187359905,0,-16050,-3703,11507,9919,-4078,-9052,1542,14760
1752310324207382270,0,-16050,-3703,11507,9919,-4078,-9052,1542,14760
1752310324227448926,0,-16050,-3703,11507,9919,-4078,-9052,1542,14760
1752310324247338244,0,-16050,-3703,11507,9919,-4078,-9052,1542,14760
1752310324267368450,0,-16050,-3703,11507,9919,-4078,-9052,1542,14760
1752310324287326270,0,-16050,-3703,11507,9919,-4078,-9052,1542,14760
1752310324307388717,0,-16050,-3703,11507,9919,-4078,-9052,1542,14760
1752310324327398157,0,-16050,-3703,11507,9919,-4078,-9052,1542,14760
1752310324347429946,0,-16050,-3703,11507,9919,-4078,-9052,1542,14760
1752310324367502870,0,-16050,-3703,11507,9919,-4078,-9052,1542,14760
1752310324387467593,0,-16050,-3703,11507,9919,-4078,-9052,1542,14760
1752310324407375567,0,-16050,-3703,11507,9919,-4078,-9052,1542,14760
1752310324427348776,0,-16050,-3703,11507,9919,-4078,-9052,1542,14760
1752310324447439251,0,-16050,-3703,11507,9919,-4078,-9052,1542,14760
1752310324467309740,0,-16050,-3703,11507,9919,-4078,-9052,1542,14760
1752310324487235620,0,-16050,-3703,11507,9919,-4078,-9052,1542,14760
1752310324507361582,0,-16050,-3703,11507,9919,-4078,-9052,1542,14760
1752310324527385373,0,-16050,-3703,11507,9919,-4078,-9052,1542,14760
1752310324547541049,0,-16050,-3703,11507,9919,-4078,-9052,1542,14760
1752310324567707211,0,-16050,-3703,11507,9919,-4078,-9052,1542,14760
1752310324587460956,0,-16050,-3703,11507,9919,-4078,-9052,1542,14760
1752310324607286633,0,-16050,-3703,11507,9919,-4078,-9052,1542,14760
1752310324627240826,0,-16050,-3703,11507,9919,-4078,-9052,1542,14760
1752310324647337497,0,-16050,-3703,11507,9919,-4078,-9052,1542,14760
1752310324667428697,0,-16050,-3703,11507,9919,-4078,-9052,1542,14760
1752310324687316918,0,-16050,-3703,11507,9919,-4078,-9052,1542,14760
1752310324707312410,0,-16050,-3703,11507,9919,-4078,-9052,1542,14760
1752310324727426499,0,-16050,-3703,11507,9919,-4078,-9052,1542,14760
1752310324747475457,0,-16050,-3703,11507,9919,-4078,-9052,1542,14760
1752310324767376334,0,-16050,-3703,11507,9919,-4078,-9052,1542,14760
1752310324787447689,0,-16050,-3703,11507,9919,-4078,-9052,1542,14760
1752310324807387966,0,-16050,-3703,11507,9919,-4078,-9052,1542,14760
1752310324827460031,0,-16050,-3703,11507,9919,-4078,-9052,1542,14760
1752310324847438871,0,-16050,-3703,11507,9919,-4078,-9052,1542,14760
1752310324867464049,0,-16050,-3703,11507,9919,-4078,-9052,1542,14760
1752310324887396094,0,-16050,-3703,11507,9919,-4078,-9052,1542,14760
1752310324907465664,0,-16050,-3703,11507,9919,-4078,-9052,1542,14760
1752310324927331300,0,-16050,-3703,11507,9919,-4078,-9052,1542,14760
1752310324947312282,0,-16050,-3703,11507,9919,-4078,-9052,1542,14760
1752310324967307292,0,-16050,-3703,11507,9919,-4078,-9052,1542,14760
1752310324987350558,0,-16050,-3703,11507,9919,-4078,-9052,1542,14760
1752310325007302349,0,-16050,-3703,11507,9919,-4078,-9052,1542,14760
1752310325027384228,0,-16050,-3703,11507,9919,-4078,-9052,1542,14760
1752310325047299813,0,-16050,-3703,11507,9919,-4078,-9052,1542,14760
1752310325067355704,0,-16050,-3703,11507,9919,-4078,-9052,1542,14760
1752310325087316287,0,-16050,-3703,11507,9919,-4078,-9052,1542,14760
1752310325107397876,0,-16050,-3703,11507,9919,-4078,-9052,1542,14760
1752310325127321500,0,-16050,-3703,11507,9919,-4078,-9052,1542,14760
1752310325147456408,0,-16050,-3703,11507,9919,-4078,-9052,1542,14760
1752310325167329312,0,-16050,-3703,11507,9919,-4078,-9052,1542,14760
1752310325187461225,0,-16050,-3703,11507,9919,-4078,-9052,1542,14760
1752310325207463170,0,-16050,-3703,11507,9919,-4078,-9052,1542,14760
1752310325227343184,0,-16050,-3703,11507,9919,-4078,-9052,1542,14760
1752310325247423699,0,-16050,-3703,11507,9919,-4078,-9052,1542,14760
1752310325267189915,0,-16050,-3703,11507,9919,-4078,-9052,1542,14760
1752310325287236248,0,-16050,-3703,11507,9919,-4078,-9052,1542,14760
1752310325307284691,0,-16050,-3703,11507,9919,-4078,-9052,1542,14760
1752310325327317418,0,-16050,-3703,11507,9919,-4078,-9052,1542,14760
1752310325347265815,0,-16050,-3703,11507,9919,-4078,-9052,1542,14760
1752310325367401230,0,-16050,-3703,11507,9919,-4078,-9052,1542,14760
1752310325387380626,0,-16050,-3703,11507,9919,-4078,-9052,1542,14760
1752310325407493974,0,-16050,-3703,11507,9919,-4078,-9052,1542,14760
1752310325427433415,0,-16050,-3703,11507,9919,-4078,-9052,1542,14760
1752310325447522817,0,-16050,-3703,11507,9919,-4078,-9052,1542,14760
1752310325467291703,0,-16050,-3703,11507,9919,-4078,-9052,1542,14760
1752310325487412560,0,-16050,-3703,11507,9919,-4078,-9052,1542,14760
1752310325507325314,0,-16050,-3703,11507,9919,-4078,-9052,1542,14760
1752310325527287150,0,-16050,-3703,11507,9919,-4078,-9052,1542,14760
1752310325547415903,0,-16050,-3703,11507,9919,-4078,-9052,1542,14760
1752310325567399659,0,-16050,-3703,11507,9919,-4078,-9052,1542,14760
1752310325587402724,0,-16050,-3703,11507,9919,-4078,-9052,1542,14760
1752310325607318714,0,-16050,-3703,11507,9919,-4078,-9052,1542,14760
1752310325627354129,0,-16050,-3703,11507,9919,-4078,-9052,1542,14760
1752310325647257197,0,-16050,-3703,11507,9919,-4078,-9052,1542,14760
1752310325667745445,0,-16050,-3703,11507,9919,-4078,-9052,1542,14760
1752310325687603835,0,-16050,-3703,11507,9919,-4078,-9052,1542,14760
1752310325707394725,0,-16050,-3703,11507,9919,-4078,-9052,1542,14760
1752310325727366667,0,-16050,-3703,11507,9919,-4078,-9052,1542,14760
1752310325747483158,0,-16050,-3703,11507,9919,-4078,-9052,1542,14760
